id,tag,locale,created_at
1,insect,en,2026-01-09 17:37:12.347109+00
2,makes honey,en,2026-01-09 17:37:12.687398+00
3,lives in hive,en,2026-01-09 17:37:13.016357+00
4,can sting,en,2026-01-09 17:37:13.336691+00
5,buzzing sound,en,2026-01-09 17:37:13.660049+00
6,pet,en,2026-01-09 17:37:14.19437+00
7,has whiskers,en,2026-01-09 17:37:14.778098+00
8,says meow,en,2026-01-09 17:37:15.159054+00
9,purrs when happy,en,2026-01-09 17:37:15.484319+00
10,likes to sleep,en,2026-01-09 17:37:15.855939+00
12,loyal animal,en,2026-01-09 17:37:16.982132+00
13,says woof,en,2026-01-09 17:37:17.354078+00
14,likes bones,en,2026-01-09 17:37:17.683256+00
15,wags tail,en,2026-01-09 17:37:18.030207+00
16,food,en,2026-01-09 17:37:18.530152+00
17,laid by chickens,en,2026-01-09 17:37:18.85744+00
18,oval shape,en,2026-01-09 17:37:19.174809+00
19,can be boiled,en,2026-01-09 17:37:19.507024+00
20,has yolk inside,en,2026-01-09 17:37:19.847934+00
21,star,en,2026-01-09 17:37:20.397896+00
22,gives light,en,2026-01-09 17:37:20.72864+00
23,very hot,en,2026-01-09 17:37:21.047227+00
24,in the sky,en,2026-01-09 17:37:21.371558+00
25,makes plants grow,en,2026-01-09 17:37:21.729271+00
26,earth satellite,en,2026-01-09 17:37:22.267404+00
27,shines at night,en,2026-01-09 17:37:22.586888+00
28,controls tides,en,2026-01-09 17:37:22.911895+00
29,has phases,en,2026-01-09 17:37:23.565192+00
30,not a star,en,2026-01-09 17:37:23.886334+00
31,for reading,en,2026-01-09 17:37:24.422739+00
32,has pages,en,2026-01-09 17:37:24.791186+00
33,tells stories,en,2026-01-09 17:37:25.130919+00
34,in library,en,2026-01-09 17:37:25.472556+00
35,made of paper,en,2026-01-09 17:37:25.868627+00
36,plant,en,2026-01-09 17:37:26.416979+00
37,has leaves,en,2026-01-09 17:37:26.777406+00
38,gives oxygen,en,2026-01-09 17:37:27.095441+00
39,has roots,en,2026-01-09 17:37:27.421723+00
40,birds nest in it,en,2026-01-09 17:37:27.772435+00
41,toy,en,2026-01-09 17:37:28.31535+00
42,round shape,en,2026-01-09 17:37:28.750439+00
43,can bounce,en,2026-01-09 17:37:29.108906+00
44,used in games,en,2026-01-09 17:37:29.448008+00
45,thrown or kicked,en,2026-01-09 17:37:29.965563+00
46,entry point,en,2026-01-09 17:37:30.51522+00
47,can be opened,en,2026-01-09 17:37:30.821638+00
48,on buildings,en,2026-01-09 17:37:31.174568+00
49,has a handle,en,2026-01-09 17:37:31.543879+00
50,provides access,en,2026-01-09 17:37:31.930755+00
51,animal,en,2026-01-09 17:37:32.524248+00
52,lives in water,en,2026-01-09 17:37:32.858744+00
53,has scales,en,2026-01-09 17:37:33.202845+00
54,swims with fins,en,2026-01-09 17:37:33.553632+00
55,breathes through gills,en,2026-01-09 17:37:34.025598+00
56,drink,en,2026-01-09 17:37:34.523296+00
57,white liquid,en,2026-01-09 17:37:34.840444+00
58,from cows,en,2026-01-09 17:37:35.160365+00
59,has calcium,en,2026-01-09 17:37:35.610683+00
60,good for bones,en,2026-01-09 17:37:36.106646+00
61,weather,en,2026-01-09 17:37:36.636253+00
62,water from sky,en,2026-01-09 17:37:36.946632+00
63,makes things wet,en,2026-01-09 17:37:37.304035+00
64,from clouds,en,2026-01-09 17:37:37.618536+00
65,helps plants grow,en,2026-01-09 17:37:37.92085+00
66,in sky,en,2026-01-09 17:37:38.488381+00
68,very far away,en,2026-01-09 17:37:39.448437+00
69,made of gas,en,2026-01-09 17:37:39.762039+00
70,twinkles,en,2026-01-09 17:37:40.098294+00
71,water vehicle,en,2026-01-09 17:37:40.587389+00
72,floats on water,en,2026-01-09 17:37:40.907101+00
73,has oars or motor,en,2026-01-09 17:37:41.218294+00
74,for transport,en,2026-01-09 17:37:41.679463+00
75,can sail,en,2026-01-09 17:37:42.168074+00
76,frozen water,en,2026-01-09 17:37:42.686598+00
77,white and cold,en,2026-01-09 17:37:43.025641+00
78,falls in winter,en,2026-01-09 17:37:43.351207+00
79,makes snowmen,en,2026-01-09 17:37:43.679694+00
80,melts in sun,en,2026-01-09 17:37:44.00025+00
81,amphibian,en,2026-01-09 17:37:44.493727+00
82,jumps high,en,2026-01-09 17:37:44.839962+00
83,lives near water,en,2026-01-09 17:37:45.208354+00
84,says ribbit,en,2026-01-09 17:37:45.57308+00
85,eats insects,en,2026-01-09 17:37:46.025043+00
86,water bird,en,2026-01-09 17:37:46.645042+00
87,says quack,en,2026-01-09 17:37:46.966054+00
88,has webbed feet,en,2026-01-09 17:37:47.340444+00
89,can swim,en,2026-01-09 17:37:47.662054+00
90,has feathers,en,2026-01-09 17:37:47.993245+00
91,large animal,en,2026-01-09 17:37:48.473135+00
92,sleeps in winter,en,2026-01-09 17:37:48.792245+00
93,likes honey,en,2026-01-09 17:37:49.163194+00
94,has claws,en,2026-01-09 17:37:49.552407+00
95,can be brown,en,2026-01-09 17:37:49.881193+00
96,big cat,en,2026-01-09 17:37:50.368741+00
97,king of jungle,en,2026-01-09 17:37:50.720655+00
98,has mane,en,2026-01-09 17:37:51.102768+00
99,roars loudly,en,2026-01-09 17:37:51.453067+00
100,lives in africa,en,2026-01-09 17:37:51.83246+00
102,can fly,en,2026-01-09 17:37:52.885955+00
103,has wings,en,2026-01-09 17:37:53.197708+00
104,lays eggs,en,2026-01-09 17:37:53.572234+00
105,sings songs,en,2026-01-09 17:37:53.87717+00
106,footwear,en,2026-01-09 17:37:54.406402+00
107,protects feet,en,2026-01-09 17:37:54.71816+00
108,worn daily,en,2026-01-09 17:37:55.069118+00
109,has laces,en,2026-01-09 17:37:55.394793+00
110,comes in pairs,en,2026-01-09 17:37:55.728774+00
111,body part,en,2026-01-09 17:37:56.223368+00
112,has five fingers,en,2026-01-09 17:37:56.646148+00
113,used to grab,en,2026-01-09 17:37:57.022321+00
114,sense of touch,en,2026-01-09 17:37:57.373351+00
115,can wave,en,2026-01-09 17:37:57.690574+00
117,for walking,en,2026-01-09 17:37:58.712124+00
118,has toes,en,2026-01-09 17:37:59.032637+00
119,below ankle,en,2026-01-09 17:37:59.440035+00
120,wears shoes,en,2026-01-09 17:37:59.850172+00
122,for smelling,en,2026-01-09 17:38:00.838101+00
123,on face,en,2026-01-09 17:38:01.187898+00
124,breathes air,en,2026-01-09 17:38:01.508225+00
125,in center of face,en,2026-01-09 17:38:01.862482+00
126,dessert,en,2026-01-09 17:38:02.34696+00
127,sweet food,en,2026-01-09 17:38:02.747411+00
128,for celebrations,en,2026-01-09 17:38:03.096274+00
129,has frosting,en,2026-01-09 17:38:03.457629+00
130,baked in oven,en,2026-01-09 17:38:03.824397+00
132,made from flour,en,2026-01-09 17:38:04.853474+00
133,baked product,en,2026-01-09 17:38:05.154691+00
134,sliced loaves,en,2026-01-09 17:38:05.504717+00
135,for sandwiches,en,2026-01-09 17:38:05.852754+00
136,furniture,en,2026-01-09 17:38:06.315387+00
137,for sitting,en,2026-01-09 17:38:06.621406+00
138,has legs,en,2026-01-09 17:38:06.931897+00
139,found in rooms,en,2026-01-09 17:38:07.243086+00
140,at tables,en,2026-01-09 17:38:07.548872+00
142,flat surface,en,2026-01-09 17:38:08.609581+00
143,for eating,en,2026-01-09 17:38:08.916769+00
145,holds items,en,2026-01-09 17:38:09.716463+00
146,building,en,2026-01-09 17:38:10.236951+00
147,where people live,en,2026-01-09 17:38:10.571375+00
148,has rooms,en,2026-01-09 17:38:10.878651+00
149,provides shelter,en,2026-01-09 17:38:11.177547+00
150,has a roof,en,2026-01-09 17:38:11.479998+00
151,device,en,2026-01-09 17:38:11.966894+00
152,shows time,en,2026-01-09 17:38:12.313315+00
153,has hands,en,2026-01-09 17:38:12.663667+00
154,ticks constantly,en,2026-01-09 17:38:13.006999+00
155,on walls,en,2026-01-09 17:38:13.352512+00
156,drinking vessel,en,2026-01-09 17:38:13.820252+00
157,holds beverages,en,2026-01-09 17:38:14.155773+00
158,has handle,en,2026-01-09 17:38:14.506907+00
159,ceramic or plastic,en,2026-01-09 17:38:14.882138+00
160,various sizes,en,2026-01-09 17:38:15.248156+00
161,large cup,en,2026-01-09 17:38:15.722216+00
162,thick walls,en,2026-01-09 17:38:16.075482+00
163,hot beverages,en,2026-01-09 17:38:16.385151+00
165,ceramic common,en,2026-01-09 17:38:17.268819+00
167,transparent,en,2026-01-09 17:38:18.237555+00
168,fragile,en,2026-01-09 17:38:19.205169+00
170,for cold drinks,en,2026-01-09 17:38:20.085246+00
171,food dish,en,2026-01-09 17:38:20.679065+00
172,flat circular,en,2026-01-09 17:38:21.021091+00
175,dinner use,en,2026-01-09 17:38:22.379257+00
176,food container,en,2026-01-09 17:38:23.434765+00
177,deep dish,en,2026-01-09 17:38:23.776594+00
178,holds soup,en,2026-01-09 17:38:24.081114+00
179,rounded shape,en,2026-01-09 17:38:24.412585+00
181,eating utensil,en,2026-01-09 17:38:25.388566+00
183,scoops food,en,2026-01-09 17:38:26.155847+00
184,metal or plastic,en,2026-01-09 17:38:26.498263+00
187,has tines,en,2026-01-09 17:38:27.98428+00
188,stabs food,en,2026-01-09 17:38:28.317055+00
189,metal,en,2026-01-09 17:38:28.698102+00
190,table setting,en,2026-01-09 17:38:29.090694+00
191,cutting tool,en,2026-01-09 17:38:29.653017+00
192,sharp blade,en,2026-01-09 17:38:29.980738+00
194,eating or cooking,en,2026-01-09 17:38:30.804744+00
196,cooking vessel,en,2026-01-09 17:38:31.835401+00
197,flat bottom,en,2026-01-09 17:38:32.174531+00
199,on stove,en,2026-01-09 17:38:33.08766+00
200,fries food,en,2026-01-09 17:38:33.456035+00
202,deep container,en,2026-01-09 17:38:34.441945+00
203,has lid,en,2026-01-09 17:38:34.749645+00
204,boils water,en,2026-01-09 17:38:35.062537+00
206,cooking appliance,en,2026-01-09 17:38:36.078829+00
207,bakes food,en,2026-01-09 17:38:36.430157+00
208,has temperature,en,2026-01-09 17:38:36.808784+00
209,kitchen essential,en,2026-01-09 17:38:37.135567+00
210,door opens,en,2026-01-09 17:38:37.47319+00
212,has burners,en,2026-01-09 17:38:38.517437+00
213,gas or electric,en,2026-01-09 17:38:38.861283+00
214,heats pans,en,2026-01-09 17:38:39.223645+00
217,outdoor or indoor,en,2026-01-09 17:38:40.968689+00
218,charcoal or gas,en,2026-01-09 17:38:41.418699+00
219,makes marks,en,2026-01-09 17:38:41.80428+00
220,barbecue,en,2026-01-09 17:38:42.116337+00
221,provides light,en,2026-01-09 17:38:42.650245+00
222,has bulb,en,2026-01-09 17:38:43.020923+00
223,on tables,en,2026-01-09 17:38:43.364828+00
224,switch on off,en,2026-01-09 17:38:43.738583+00
225,decorative,en,2026-01-09 17:38:44.093656+00
226,creates breeze,en,2026-01-09 17:38:44.650452+00
227,cools room,en,2026-01-09 17:38:45.007139+00
228,has blades,en,2026-01-09 17:38:45.46949+00
229,rotates,en,2026-01-09 17:38:45.784058+00
230,different speeds,en,2026-01-09 17:38:46.095967+00
231,work surface,en,2026-01-09 17:38:46.593334+00
232,for writing,en,2026-01-09 17:38:46.933082+00
233,has drawers,en,2026-01-09 17:38:47.335785+00
234,in office,en,2026-01-09 17:38:47.708294+00
235,flat top,en,2026-01-09 17:38:48.082327+00
236,for sleeping,en,2026-01-09 17:38:48.614757+00
237,has mattress,en,2026-01-09 17:38:48.992964+00
238,in bedroom,en,2026-01-09 17:38:49.343731+00
239,comfortable,en,2026-01-09 17:38:49.694347+00
240,pillows,en,2026-01-09 17:38:50.012449+00
241,seating furniture,en,2026-01-09 17:38:50.512195+00
242,for multiple people,en,2026-01-09 17:38:50.89833+00
243,in living room,en,2026-01-09 17:38:51.325462+00
245,has cushions,en,2026-01-09 17:38:52.209024+00
249,relaxing,en,2026-01-09 17:38:54.237781+00
250,has armrests,en,2026-01-09 17:38:54.556818+00
251,soft cushion,en,2026-01-09 17:38:55.037275+00
252,for head,en,2026-01-09 17:38:55.418592+00
253,on bed,en,2026-01-09 17:38:55.73521+00
254,filled with foam,en,2026-01-09 17:38:56.04274+00
256,bed covering,en,2026-01-09 17:38:57.718056+00
257,flat fabric,en,2026-01-09 17:38:58.103293+00
258,goes under blanket,en,2026-01-09 17:38:58.498653+00
259,various colors,en,2026-01-09 17:38:58.931307+00
260,tucked in,en,2026-01-09 17:38:59.520795+00
261,dries hands,en,2026-01-09 17:39:00.234633+00
262,absorbent cloth,en,2026-01-09 17:39:00.73709+00
263,hangs on rack,en,2026-01-09 17:39:01.111907+00
266,cleans body,en,2026-01-09 17:39:02.587976+00
267,makes bubbles,en,2026-01-09 17:39:02.901153+00
268,in bathroom,en,2026-01-09 17:39:03.216644+00
269,various scents,en,2026-01-09 17:39:03.57434+00
270,washes dirt,en,2026-01-09 17:39:03.922455+00
271,grooming tool,en,2026-01-09 17:39:04.458082+00
272,has bristles,en,2026-01-09 17:39:04.791711+00
273,for hair or teeth,en,2026-01-09 17:39:05.121574+00
274,held in hand,en,2026-01-09 17:39:05.483075+00
275,various types,en,2026-01-09 17:39:05.823697+00
276,hair tool,en,2026-01-09 17:39:06.329015+00
277,has teeth,en,2026-01-09 17:39:06.680498+00
278,detangles,en,2026-01-09 17:39:06.99246+00
279,plastic or metal,en,2026-01-09 17:39:07.426437+00
280,handheld,en,2026-01-09 17:39:07.742638+00
281,head covering,en,2026-01-09 17:39:08.277136+00
282,fashion accessory,en,2026-01-09 17:39:08.842456+00
283,sun protection,en,2026-01-09 17:39:09.198508+00
284,various styles,en,2026-01-09 17:39:09.51946+00
285,worn outside,en,2026-01-09 17:39:09.886476+00
287,has brim,en,2026-01-09 17:39:10.948149+00
288,casual wear,en,2026-01-09 17:39:11.350102+00
290,adjustable,en,2026-01-09 17:39:12.360301+00
291,outer garment,en,2026-01-09 17:39:12.83048+00
292,cold weather,en,2026-01-09 17:39:13.175724+00
293,long sleeves,en,2026-01-09 17:39:13.529368+00
294,buttons or zipper,en,2026-01-09 17:39:13.840097+00
295,warm,en,2026-01-09 17:39:14.159599+00
296,sleeveless garment,en,2026-01-09 17:39:14.660747+00
297,worn over shirt,en,2026-01-09 17:39:15.003879+00
298,formal or casual,en,2026-01-09 17:39:15.317839+00
299,buttons,en,2026-01-09 17:39:15.65882+00
300,layering,en,2026-01-09 17:39:16.030562+00
301,foot covering,en,2026-01-09 17:39:16.576811+00
302,worn in shoes,en,2026-01-09 17:39:16.929176+00
305,elastic top,en,2026-01-09 17:39:18.274484+00
306,waist accessory,en,2026-01-09 17:39:19.113731+00
307,holds pants,en,2026-01-09 17:39:19.42776+00
308,has buckle,en,2026-01-09 17:39:19.813065+00
309,leather or fabric,en,2026-01-09 17:39:20.127738+00
311,neck accessory,en,2026-01-09 17:39:21.603954+00
312,formal wear,en,2026-01-09 17:39:22.02361+00
313,knotted,en,2026-01-09 17:39:22.447812+00
314,silk fabric,en,2026-01-09 17:39:22.776464+00
315,business attire,en,2026-01-09 17:39:23.08606+00
316,neck covering,en,2026-01-09 17:39:23.549947+00
319,various materials,en,2026-01-09 17:39:24.82623+00
320,wrapped around,en,2026-01-09 17:39:25.128708+00
321,hand covering,en,2026-01-09 17:39:25.597789+00
324,fingers covered,en,2026-01-09 17:39:26.85738+00
326,tall footwear,en,2026-01-09 17:39:27.811779+00
327,covers ankle,en,2026-01-09 17:39:28.159226+00
328,cold or rain,en,2026-01-09 17:39:28.474308+00
329,sturdy,en,2026-01-09 17:39:28.801246+00
330,laces or zipper,en,2026-01-09 17:39:29.167248+00
331,carrying container,en,2026-01-09 17:39:29.679845+00
332,has handles,en,2026-01-09 17:39:30.005649+00
335,shopping or travel,en,2026-01-09 17:39:31.388899+00
336,writing tool,en,2026-01-09 17:39:31.899769+00
337,uses ink,en,2026-01-09 17:39:32.209863+00
338,for paper,en,2026-01-09 17:39:32.5326+00
339,ballpoint,en,2026-01-09 17:39:32.875217+00
341,writing surface,en,2026-01-09 17:39:33.933238+00
342,flat sheets,en,2026-01-09 17:39:34.302957+00
343,made from trees,en,2026-01-09 17:39:34.671489+00
344,books and notebooks,en,2026-01-09 17:39:35.023709+00
345,can be recycled,en,2026-01-09 17:39:35.34468+00
346,adhesive strip,en,2026-01-09 17:39:35.956846+00
347,sticks things,en,2026-01-09 17:39:36.304469+00
348,on roll,en,2026-01-09 17:39:36.612149+00
349,clear or colored,en,2026-01-09 17:39:37.104263+00
350,office supply,en,2026-01-09 17:39:37.459572+00
351,sticky substance,en,2026-01-09 17:39:37.94561+00
352,joins materials,en,2026-01-09 17:39:38.260842+00
353,liquid or stick,en,2026-01-09 17:39:38.634913+00
354,dries clear,en,2026-01-09 17:39:38.955059+00
355,craft supply,en,2026-01-09 17:39:39.405636+00
356,thick cord,en,2026-01-09 17:39:39.887614+00
357,for tying,en,2026-01-09 17:39:40.199769+00
358,strong fiber,en,2026-01-09 17:39:40.547817+00
359,various lengths,en,2026-01-09 17:39:40.880695+00
360,climbing or binding,en,2026-01-09 17:39:41.272211+00
361,metal strand,en,2026-01-09 17:39:41.809539+00
362,conducts electricity,en,2026-01-09 17:39:42.125465+00
363,thin and flexible,en,2026-01-09 17:39:42.441179+00
364,copper or steel,en,2026-01-09 17:39:42.830151+00
365,electrical,en,2026-01-09 17:39:43.172907+00
366,metal fastener,en,2026-01-09 17:39:43.683875+00
367,hammered in,en,2026-01-09 17:39:44.033869+00
368,holds wood,en,2026-01-09 17:39:44.342722+00
369,pointed end,en,2026-01-09 17:39:44.680916+00
370,construction,en,2026-01-09 17:39:45.0033+00
372,spiral thread,en,2026-01-09 17:39:46.07401+00
373,turns in,en,2026-01-09 17:39:46.438671+00
374,holds materials,en,2026-01-09 17:39:46.760599+00
375,needs screwdriver,en,2026-01-09 17:39:47.090591+00
377,with nut,en,2026-01-09 17:39:48.045073+00
378,threaded shaft,en,2026-01-09 17:39:48.380988+00
379,strong connection,en,2026-01-09 17:39:48.71953+00
380,hex head,en,2026-01-09 17:39:49.066823+00
382,sharp teeth,en,2026-01-09 17:39:50.359537+00
383,for wood,en,2026-01-09 17:39:50.719027+00
384,hand or power,en,2026-01-09 17:39:51.039557+00
385,straight or circular,en,2026-01-09 17:39:51.3464+00
386,chopping tool,en,2026-01-09 17:39:51.85203+00
388,cuts wood,en,2026-01-09 17:39:52.639624+00
390,wedge shaped,en,2026-01-09 17:39:53.679724+00
391,garden tool,en,2026-01-09 17:39:54.209173+00
393,gathers leaves,en,2026-01-09 17:39:55.003553+00
394,long handle,en,2026-01-09 17:39:55.408566+00
395,yard work,en,2026-01-09 17:39:55.75053+00
396,water tube,en,2026-01-09 17:39:56.20545+00
397,flexible,en,2026-01-09 17:39:56.711934+00
398,for watering,en,2026-01-09 17:39:57.061527+00
399,connects to tap,en,2026-01-09 17:39:57.40239+00
401,security device,en,2026-01-09 17:39:58.348961+00
402,prevents opening,en,2026-01-09 17:39:58.702402+00
403,needs key,en,2026-01-09 17:39:59.04575+00
404,on doors,en,2026-01-09 17:39:59.426011+00
406,unlocking tool,en,2026-01-09 17:40:00.46852+00
408,fits lock,en,2026-01-09 17:40:01.23783+00
409,unique shape,en,2026-01-09 17:40:01.659473+00
410,security,en,2026-01-09 17:40:02.030769+00
411,metal money,en,2026-01-09 17:40:02.548261+00
412,circular,en,2026-01-09 17:40:02.903122+00
413,various values,en,2026-01-09 17:40:03.21747+00
414,currency,en,2026-01-09 17:40:03.609061+00
415,pocket change,en,2026-01-09 17:40:03.908729+00
416,paper money,en,2026-01-09 17:40:04.418793+00
417,rectangular,en,2026-01-09 17:40:04.797774+00
418,various amounts,en,2026-01-09 17:40:05.117304+00
420,wallet item,en,2026-01-09 17:40:05.884778+00
421,rectangular item,en,2026-01-09 17:40:06.443736+00
422,plastic or paper,en,2026-01-09 17:40:06.762618+00
423,credit or gift,en,2026-01-09 17:40:07.11574+00
424,in wallet,en,2026-01-09 17:40:07.479381+00
425,various uses,en,2026-01-09 17:40:07.855869+00
426,postal payment,en,2026-01-09 17:40:08.379609+00
427,adhesive,en,2026-01-09 17:40:08.70098+00
428,collectible,en,2026-01-09 17:40:09.061545+00
429,on envelope,en,2026-01-09 17:40:09.378547+00
430,various designs,en,2026-01-09 17:40:09.711024+00
431,metal container,en,2026-01-09 17:40:10.603705+00
432,sealed,en,2026-01-09 17:40:10.952227+00
433,preserved food,en,2026-01-09 17:40:11.250182+00
434,opened with tool,en,2026-01-09 17:40:11.594125+00
435,cylindrical,en,2026-01-09 17:40:11.90179+00
436,wide container,en,2026-01-09 17:40:12.506052+00
437,glass or ceramic,en,2026-01-09 17:40:12.854455+00
439,for storage,en,2026-01-09 17:40:13.615941+00
440,preserves food,en,2026-01-09 17:40:14.091178+00
441,liquid container,en,2026-01-09 17:40:14.621365+00
442,narrow neck,en,2026-01-09 17:40:14.955228+00
443,plastic or glass,en,2026-01-09 17:40:15.304406+00
445,has cap,en,2026-01-09 17:40:16.077914+00
446,cylindrical container,en,2026-01-09 17:40:16.59512+00
448,holds liquids,en,2026-01-09 17:40:17.470016+00
449,cleaning tool,en,2026-01-09 17:40:17.831572+00
451,woven container,en,2026-01-09 17:40:18.800593+00
452,for carrying,en,2026-01-09 17:40:19.130649+00
453,handle on top,en,2026-01-09 17:40:19.466849+00
455,natural materials,en,2026-01-09 17:40:20.227224+00
456,flat carrier,en,2026-01-09 17:40:20.709387+00
459,serving food,en,2026-01-09 17:40:22.007908+00
460,has rim,en,2026-01-09 17:40:22.305809+00
461,plant container,en,2026-01-09 17:40:22.957961+00
462,holds soil,en,2026-01-09 17:40:23.276934+00
463,drainage hole,en,2026-01-09 17:40:23.620395+00
465,clay or plastic,en,2026-01-09 17:40:24.488628+00
466,flower container,en,2026-01-09 17:40:24.940531+00
468,holds water,en,2026-01-09 17:40:25.775065+00
469,various shapes,en,2026-01-09 17:40:26.11953+00
471,picture holder,en,2026-01-09 17:40:27.087278+00
472,rectangular border,en,2026-01-09 17:40:27.398376+00
473,hangs on wall,en,2026-01-09 17:40:27.723586+00
474,glass front,en,2026-01-09 17:40:28.047597+00
476,reflective surface,en,2026-01-09 17:40:29.019464+00
477,shows image,en,2026-01-09 17:40:29.382146+00
478,on wall or handheld,en,2026-01-09 17:40:29.74466+00
479,glass backed,en,2026-01-09 17:40:30.167334+00
481,floor covering,en,2026-01-09 17:40:31.180009+00
482,soft fabric,en,2026-01-09 17:40:31.578657+00
484,various patterns,en,2026-01-09 17:40:32.406827+00
485,under furniture,en,2026-01-09 17:40:32.736876+00
487,entrance use,en,2026-01-09 17:40:33.651353+00
488,wipes feet,en,2026-01-09 17:40:33.951824+00
490,rubber backed,en,2026-01-09 17:40:34.829804+00
491,square flooring,en,2026-01-09 17:40:36.030826+00
492,ceramic or stone,en,2026-01-09 17:40:36.356703+00
493,bathroom or kitchen,en,2026-01-09 17:40:36.69285+00
494,waterproof,en,2026-01-09 17:40:37.018891+00
495,laid in rows,en,2026-01-09 17:40:37.314582+00
496,building block,en,2026-01-09 17:40:37.81237+00
497,rectangular clay,en,2026-01-09 17:40:38.104717+00
498,red or brown,en,2026-01-09 17:40:38.484328+00
499,stacked for walls,en,2026-01-09 17:40:38.831681+00
500,fired hard,en,2026-01-09 17:40:39.284634+00
501,rock material,en,2026-01-09 17:40:39.89064+00
502,natural,en,2026-01-09 17:40:40.257121+00
503,hard substance,en,2026-01-09 17:40:40.605125+00
505,building or decorative,en,2026-01-09 17:40:41.442246+00
506,fine particles,en,2026-01-09 17:40:41.938332+00
507,on beaches,en,2026-01-09 17:40:42.256151+00
508,light brown,en,2026-01-09 17:40:42.5839+00
509,used in concrete,en,2026-01-09 17:40:42.890915+00
510,shifts easily,en,2026-01-09 17:40:43.228453+00
511,moldable earth,en,2026-01-09 17:40:43.729854+00
512,pottery material,en,2026-01-09 17:40:44.109802+00
513,sticky when wet,en,2026-01-09 17:40:44.413156+00
514,hardens when fired,en,2026-01-09 17:40:44.710404+00
515,reddish brown,en,2026-01-09 17:40:45.045786+00
516,earth material,en,2026-01-09 17:40:45.513452+00
517,plants grow in,en,2026-01-09 17:40:45.886072+00
518,dirt and nutrients,en,2026-01-09 17:40:46.185139+00
519,brown color,en,2026-01-09 17:40:46.528734+00
520,in gardens,en,2026-01-09 17:40:46.834624+00
521,plant start,en,2026-01-09 17:40:47.29486+00
522,grows into plant,en,2026-01-09 17:40:47.623484+00
523,small,en,2026-01-09 17:40:47.922395+00
524,planted in soil,en,2026-01-09 17:40:48.246708+00
526,plant part,en,2026-01-09 17:40:49.27245+00
527,flat and green,en,2026-01-09 17:40:49.594341+00
528,photosynthesis,en,2026-01-09 17:40:49.898717+00
529,on branches,en,2026-01-09 17:40:50.283717+00
530,falls in autumn,en,2026-01-09 17:40:50.603402+00
532,underground,en,2026-01-09 17:40:51.669846+00
533,absorbs water,en,2026-01-09 17:40:51.993455+00
534,anchors plant,en,2026-01-09 17:40:52.433484+00
537,supports leaves,en,2026-01-09 17:40:53.991302+00
538,upright,en,2026-01-09 17:40:54.307646+00
539,transports nutrients,en,2026-01-09 17:40:54.644834+00
540,green,en,2026-01-09 17:40:55.061141+00
541,young shoot,en,2026-01-09 17:40:55.510102+00
542,unopened flower,en,2026-01-09 17:40:55.875995+00
544,will bloom,en,2026-01-09 17:40:56.736087+00
546,sharp plant part,en,2026-01-09 17:40:57.707888+00
547,protective,en,2026-01-09 17:40:58.042122+00
548,on roses,en,2026-01-09 17:40:58.335448+00
549,pointed,en,2026-01-09 17:40:58.632431+00
550,can prick,en,2026-01-09 17:40:58.966677+00
551,tree covering,en,2026-01-09 17:40:59.500804+00
552,protective layer,en,2026-01-09 17:40:59.841632+00
553,rough texture,en,2026-01-09 17:41:00.172715+00
555,outer surface,en,2026-01-09 17:41:00.968832+00
556,evergreen tree,en,2026-01-09 17:41:01.470356+00
557,needle leaves,en,2026-01-09 17:41:01.926305+00
558,cones,en,2026-01-09 17:41:02.257037+00
559,tall straight,en,2026-01-09 17:41:02.59758+00
560,aromatic wood,en,2026-01-09 17:41:02.94519+00
561,deciduous tree,en,2026-01-09 17:41:03.486736+00
562,strong wood,en,2026-01-09 17:41:03.810838+00
563,acorns,en,2026-01-09 17:41:04.135741+00
564,long lived,en,2026-01-09 17:41:04.506293+00
565,broad leaves,en,2026-01-09 17:41:04.815054+00
566,tropical tree,en,2026-01-09 17:41:05.500363+00
567,tall trunk,en,2026-01-09 17:41:05.927477+00
568,fan leaves at top,en,2026-01-09 17:41:06.263739+00
569,coconuts or dates,en,2026-01-09 17:41:06.608233+00
570,warm climates,en,2026-01-09 17:41:06.995161+00
571,flowering plant,en,2026-01-09 17:41:07.559575+00
572,thorny stems,en,2026-01-09 17:41:07.862935+00
573,fragrant blooms,en,2026-01-09 17:41:08.188741+00
574,symbol of love,en,2026-01-09 17:41:08.518398+00
576,spring flower,en,2026-01-09 17:41:09.561529+00
577,bulb plant,en,2026-01-09 17:41:09.895519+00
578,cup shaped bloom,en,2026-01-09 17:41:10.226722+00
579,bright colors,en,2026-01-09 17:41:10.568951+00
580,dutch symbol,en,2026-01-09 17:41:10.890997+00
581,simple flower,en,2026-01-09 17:41:11.458966+00
582,white petals,en,2026-01-09 17:41:11.802883+00
583,yellow center,en,2026-01-09 17:41:12.14656+00
584,in fields,en,2026-01-09 17:41:12.494785+00
585,cheerful,en,2026-01-09 17:41:12.863016+00
586,elegant flower,en,2026-01-09 17:41:13.396851+00
587,trumpet shape,en,2026-01-09 17:41:13.74841+00
588,strong scent,en,2026-01-09 17:41:14.090067+00
589,Easter symbol,en,2026-01-09 17:41:14.423017+00
591,climbing plant,en,2026-01-09 17:41:15.357939+00
592,heart shaped leaves,en,2026-01-09 17:41:15.733051+00
593,grows on walls,en,2026-01-09 17:41:16.207367+00
594,evergreen,en,2026-01-09 17:41:16.526576+00
595,fast spreading,en,2026-01-09 17:41:16.895813+00
596,leafy plant,en,2026-01-09 17:41:17.420467+00
597,no flowers,en,2026-01-09 17:41:17.797845+00
598,shade loving,en,2026-01-09 17:41:18.103229+00
599,feathery fronds,en,2026-01-09 17:41:18.427365+00
600,prehistoric,en,2026-01-09 17:41:18.742827+00
601,small plant,en,2026-01-09 17:41:19.238773+00
602,carpet like,en,2026-01-09 17:41:19.535394+00
603,damp places,en,2026-01-09 17:41:19.872899+00
604,soft and green,en,2026-01-09 17:41:20.180621+00
605,no roots,en,2026-01-09 17:41:20.521171+00
606,unwanted plant,en,2026-01-09 17:41:20.975863+00
607,grows quickly,en,2026-01-09 17:41:21.292474+00
608,invasive,en,2026-01-09 17:41:21.601431+00
609,garden pest,en,2026-01-09 17:41:21.957785+00
610,hard to remove,en,2026-01-09 17:41:22.261932+00
611,culinary plant,en,2026-01-09 17:41:22.781469+00
612,aromatic,en,2026-01-09 17:41:23.090134+00
613,used in cooking,en,2026-01-09 17:41:23.411268+00
614,medicinal,en,2026-01-09 17:41:23.725466+00
615,small leaves,en,2026-01-09 17:41:24.07114+00
616,herb plant,en,2026-01-09 17:41:24.584023+00
617,strong aroma,en,2026-01-09 17:41:24.891639+00
618,cool taste,en,2026-01-09 17:41:25.248578+00
619,spreads quickly,en,2026-01-09 17:41:25.572696+00
620,teas and cooking,en,2026-01-09 17:41:25.90309+00
622,sweet aroma,en,2026-01-09 17:41:27.140814+00
623,Italian cooking,en,2026-01-09 17:41:27.498842+00
624,green leaves,en,2026-01-09 17:41:27.818566+00
625,pesto ingredient,en,2026-01-09 17:41:28.204376+00
627,gray green leaves,en,2026-01-09 17:41:29.090823+00
628,strong flavor,en,2026-01-09 17:41:29.404322+00
630,dried for cooking,en,2026-01-09 17:41:30.207453+00
632,feathery leaves,en,2026-01-09 17:41:31.167808+00
633,pickles flavor,en,2026-01-09 17:41:31.477171+00
634,seeds used,en,2026-01-09 17:41:31.774213+00
635,anise taste,en,2026-01-09 17:41:32.087477+00
637,aromatic leaves,en,2026-01-09 17:41:33.069055+00
638,used in stews,en,2026-01-09 17:41:33.37922+00
639,dried for flavor,en,2026-01-09 17:41:33.692657+00
640,Mediterranean,en,2026-01-09 17:41:34.001+00
641,grain food,en,2026-01-09 17:41:34.481803+00
642,Asian staple,en,2026-01-09 17:41:34.834318+00
643,white or brown,en,2026-01-09 17:41:35.167941+00
644,paddy grown,en,2026-01-09 17:41:35.889102+00
645,grain crop,en,2026-01-09 17:41:36.415331+00
646,flour source,en,2026-01-09 17:41:36.771735+00
647,golden fields,en,2026-01-09 17:41:37.086672+00
648,bread making,en,2026-01-09 17:41:37.449554+00
649,cereal grain,en,2026-01-09 17:41:37.772342+00
650,yellow vegetable,en,2026-01-09 17:41:38.287771+00
651,grows on cobs,en,2026-01-09 17:41:38.599212+00
652,kernels in rows,en,2026-01-09 17:41:38.918007+00
653,sweet variety,en,2026-01-09 17:41:39.229929+00
654,many products,en,2026-01-09 17:41:39.558861+00
656,breakfast cereal,en,2026-01-09 17:41:40.594651+00
657,rolled or steel cut,en,2026-01-09 17:41:40.967223+00
658,healthy fiber,en,2026-01-09 17:41:41.339852+00
659,animal feed,en,2026-01-09 17:41:41.662487+00
660,legume food,en,2026-01-09 17:41:42.163405+00
661,protein rich,en,2026-01-09 17:41:42.467507+00
663,soup ingredient,en,2026-01-09 17:41:43.318781+00
664,grows in pods,en,2026-01-09 17:41:43.655709+00
665,legume vegetable,en,2026-01-09 17:41:44.165774+00
666,round green,en,2026-01-09 17:41:44.482902+00
667,sweet taste,en,2026-01-09 17:41:44.87445+00
668,in pods,en,2026-01-09 17:41:45.193802+00
669,spring harvest,en,2026-01-09 17:41:45.494852+00
670,citrus fruit,en,2026-01-09 17:41:46.001229+00
671,sour taste,en,2026-01-09 17:41:46.343101+00
672,yellow color,en,2026-01-09 17:41:46.672545+00
673,high vitamin c,en,2026-01-09 17:41:47.042626+00
674,juice and zest,en,2026-01-09 17:41:47.355587+00
676,very sour,en,2026-01-09 17:41:48.454546+00
677,green color,en,2026-01-09 17:41:48.825148+00
678,cocktail ingredient,en,2026-01-09 17:41:49.173294+00
679,smaller than lemon,en,2026-01-09 17:41:49.515633+00
680,stone fruit,en,2026-01-09 17:41:50.034988+00
681,purple or red,en,2026-01-09 17:41:50.344355+00
682,sweet juicy,en,2026-01-09 17:41:50.69446+00
683,smooth skin,en,2026-01-09 17:41:51.019714+00
684,summer fruit,en,2026-01-09 17:41:51.370721+00
685,sweet fruit,en,2026-01-09 17:41:51.949768+00
686,green or yellow,en,2026-01-09 17:41:52.254645+00
687,bell shape,en,2026-01-09 17:41:52.639115+00
688,soft texture,en,2026-01-09 17:41:52.986064+00
689,tree grown,en,2026-01-09 17:41:53.310908+00
690,fuzzy fruit,en,2026-01-09 17:41:53.806163+00
691,green inside,en,2026-01-09 17:41:54.142979+00
692,tangy sweet,en,2026-01-09 17:41:54.498194+00
694,from new zealand,en,2026-01-09 17:41:55.289603+00
695,large fruit,en,2026-01-09 17:41:55.814786+00
697,thick rind,en,2026-01-09 17:41:56.680341+00
698,orange or green,en,2026-01-09 17:41:57.010478+00
699,summer produce,en,2026-01-09 17:41:57.347992+00
700,small fruit,en,2026-01-09 17:41:57.834868+00
701,sweet or tart,en,2026-01-09 17:41:58.181177+00
703,grows on bushes,en,2026-01-09 17:41:59.087313+00
704,seasonal,en,2026-01-09 17:41:59.423557+00
706,soft inside,en,2026-01-09 17:42:00.446938+00
707,seeds visible,en,2026-01-09 17:42:00.758201+00
709,fresh or dried,en,2026-01-09 17:42:01.73824+00
712,very sugary,en,2026-01-09 17:42:03.414845+00
713,from palm trees,en,2026-01-09 17:42:03.737495+00
714,dried or fresh,en,2026-01-09 17:42:04.078858+00
715,hard shelled seed,en,2026-01-09 17:42:04.68515+00
718,crunchy,en,2026-01-09 17:42:06.15716+00
719,heart healthy,en,2026-01-09 17:42:06.559617+00
720,animal protein,en,2026-01-09 17:42:07.170704+00
721,cooked food,en,2026-01-09 17:42:07.567763+00
722,red or white,en,2026-01-09 17:42:07.914222+00
723,grilled or roasted,en,2026-01-09 17:42:08.239409+00
724,main course,en,2026-01-09 17:42:08.56882+00
725,cow meat,en,2026-01-09 17:42:09.111289+00
726,red meat,en,2026-01-09 17:42:09.432939+00
727,steaks or ground,en,2026-01-09 17:42:09.775918+00
730,pig meat,en,2026-01-09 17:42:11.32145+00
731,white meat,en,2026-01-09 17:42:11.683107+00
732,chops or bacon,en,2026-01-09 17:42:12.027212+00
733,versatile,en,2026-01-09 17:42:12.444687+00
734,roasted or fried,en,2026-01-09 17:42:12.760025+00
735,young sheep meat,en,2026-01-09 17:42:13.338015+00
737,tender,en,2026-01-09 17:42:14.206664+00
738,roasted,en,2026-01-09 17:42:14.524849+00
739,Mediterranean cuisine,en,2026-01-09 17:42:14.889168+00
740,cured pork,en,2026-01-09 17:42:15.456618+00
741,pink meat,en,2026-01-09 17:42:15.80562+00
742,smoked or honey,en,2026-01-09 17:42:16.112017+00
743,sliced thin,en,2026-01-09 17:42:16.441191+00
744,sandwich filling,en,2026-01-09 17:42:16.794519+00
745,cured pork strips,en,2026-01-09 17:42:17.300865+00
746,breakfast meat,en,2026-01-09 17:42:17.61608+00
747,crispy,en,2026-01-09 17:42:17.98678+00
748,smoked,en,2026-01-09 17:42:18.370989+00
749,salty flavor,en,2026-01-09 17:42:18.693587+00
750,seafood,en,2026-01-09 17:42:19.421785+00
751,aquatic animal,en,2026-01-09 17:42:19.758703+00
752,healthy protein,en,2026-01-09 17:42:20.148333+00
753,grilled or baked,en,2026-01-09 17:42:20.568355+00
755,large fish,en,2026-01-09 17:42:21.694773+00
756,canned or fresh,en,2026-01-09 17:42:22.055279+00
757,sushi ingredient,en,2026-01-09 17:42:22.361732+00
758,high protein,en,2026-01-09 17:42:22.687942+00
759,ocean fish,en,2026-01-09 17:42:23.068392+00
760,white fish,en,2026-01-09 17:42:23.577102+00
761,mild flavor,en,2026-01-09 17:42:23.940975+00
762,flaky texture,en,2026-01-09 17:42:24.304317+00
763,fish and chips,en,2026-01-09 17:42:24.666178+00
764,North Atlantic,en,2026-01-09 17:42:25.014737+00
765,freshwater fish,en,2026-01-09 17:42:25.535481+00
766,rainbow or brown,en,2026-01-09 17:42:25.892532+00
767,sport fishing,en,2026-01-09 17:42:26.224238+00
768,delicate flavor,en,2026-01-09 17:42:26.598785+00
769,river or lake,en,2026-01-09 17:42:26.974529+00
770,shellfish,en,2026-01-09 17:42:27.501972+00
772,ocean dweller,en,2026-01-09 17:42:28.401679+00
773,sweet meat,en,2026-01-09 17:42:28.726412+00
774,cooked red,en,2026-01-09 17:42:29.124644+00
775,bivalve mollusk,en,2026-01-09 17:42:29.600542+00
776,two shells,en,2026-01-09 17:42:29.945544+00
777,ocean or freshwater,en,2026-01-09 17:42:30.260541+00
779,can be steamed,en,2026-01-09 17:42:31.128761+00
781,rough shell,en,2026-01-09 17:42:32.236551+00
782,salty taste,en,2026-01-09 17:42:32.586237+00
783,raw or cooked,en,2026-01-09 17:42:32.893983+00
784,produces pearls,en,2026-01-09 17:42:33.273616+00
785,small crustacean,en,2026-01-09 17:42:33.835014+00
786,pink when cooked,en,2026-01-09 17:42:34.172672+00
787,seafood cocktail,en,2026-01-09 17:42:34.504793+00
788,grilled or boiled,en,2026-01-09 17:42:34.825036+00
789,curled shape,en,2026-01-09 17:42:35.195467+00
790,sea creature,en,2026-01-09 17:42:35.728768+00
791,ten arms,en,2026-01-09 17:42:36.097671+00
792,calamari,en,2026-01-09 17:42:36.445094+00
793,ink defense,en,2026-01-09 17:42:36.763549+00
794,jet propulsion,en,2026-01-09 17:42:37.079792+00
795,snake like fish,en,2026-01-09 17:42:37.575995+00
796,slippery,en,2026-01-09 17:42:37.977319+00
798,muddy bottom,en,2026-01-09 17:42:38.755539+00
799,long body,en,2026-01-09 17:42:39.076497+00
800,marine mammal,en,2026-01-09 17:42:39.564731+00
801,flippers,en,2026-01-09 17:42:39.933993+00
802,eats fish,en,2026-01-09 17:42:40.266078+00
803,lives near ice,en,2026-01-09 17:42:40.655774+00
804,playful,en,2026-01-09 17:42:40.971179+00
805,aquatic mammal,en,2026-01-09 17:42:41.616352+00
807,eats shellfish,en,2026-01-09 17:42:42.447782+00
808,river or sea,en,2026-01-09 17:42:42.882195+00
809,furry,en,2026-01-09 17:42:43.202884+00
810,aquatic rodent,en,2026-01-09 17:42:43.72627+00
811,builds dams,en,2026-01-09 17:42:44.07312+00
812,flat tail,en,2026-01-09 17:42:44.388104+00
813,gnaws wood,en,2026-01-09 17:42:44.877577+00
814,lodge home,en,2026-01-09 17:42:45.233725+00
815,large deer,en,2026-01-09 17:42:45.741135+00
816,antlers,en,2026-01-09 17:42:46.080881+00
817,northern forests,en,2026-01-09 17:42:46.404719+00
818,herbivore,en,2026-01-09 17:42:46.764057+00
819,excellent swimmer,en,2026-01-09 17:42:47.088159+00
820,hoofed mammal,en,2026-01-09 17:42:47.619956+00
821,antlers on males,en,2026-01-09 17:42:47.966937+00
822,graceful,en,2026-01-09 17:42:48.449893+00
823,forest dweller,en,2026-01-09 17:42:48.767443+00
826,branching antlers,en,2026-01-09 17:42:50.342051+00
827,mountain dweller,en,2026-01-09 17:42:50.72746+00
828,bugling call,en,2026-01-09 17:42:51.061568+00
829,herd animal,en,2026-01-09 17:42:51.4586+00
831,bearded,en,2026-01-09 17:42:52.708482+00
832,mountain climber,en,2026-01-09 17:42:54.047293+00
833,milk producer,en,2026-01-09 17:42:54.38493+00
834,sure footed,en,2026-01-09 17:42:54.744457+00
835,wooly mammal,en,2026-01-09 17:42:55.296774+00
836,flock animal,en,2026-01-09 17:42:55.679724+00
837,produces wool,en,2026-01-09 17:42:56.139616+00
838,grazes,en,2026-01-09 17:42:56.523107+00
839,bleats,en,2026-01-09 17:42:56.843016+00
840,farm animal,en,2026-01-09 17:42:57.385711+00
841,pink snout,en,2026-01-09 17:42:57.699976+00
842,oinks,en,2026-01-09 17:42:58.006701+00
843,intelligent,en,2026-01-09 17:42:58.399908+00
844,loves mud,en,2026-01-09 17:42:58.779312+00
845,large mammal,en,2026-01-09 17:42:59.357837+00
846,rides,en,2026-01-09 17:42:59.663726+00
847,neighs,en,2026-01-09 17:42:59.982727+00
848,four legs,en,2026-01-09 17:43:00.303639+00
849,mane and tail,en,2026-01-09 17:43:00.70463+00
850,equine animal,en,2026-01-09 17:43:01.242468+00
851,long ears,en,2026-01-09 17:43:01.613626+00
852,brays,en,2026-01-09 17:43:01.994605+00
853,pack animal,en,2026-01-09 17:43:02.328138+00
855,horse donkey hybrid,en,2026-01-09 17:43:03.446561+00
859,sterile,en,2026-01-09 17:43:05.380446+00
860,desert animal,en,2026-01-09 17:43:05.939143+00
861,humps store fat,en,2026-01-09 17:43:06.304613+00
862,long legs,en,2026-01-09 17:43:06.625541+00
863,can go without water,en,2026-01-09 17:43:06.968756+00
864,spits,en,2026-01-09 17:43:07.294062+00
865,South American animal,en,2026-01-09 17:43:07.811329+00
866,wooly,en,2026-01-09 17:43:08.13132+00
868,gentle,en,2026-01-09 17:43:08.91373+00
869,spits when angry,en,2026-01-09 17:43:09.252407+00
870,wild canine,en,2026-01-09 17:43:09.779377+00
871,bushy tail,en,2026-01-09 17:43:10.114413+00
872,cunning,en,2026-01-09 17:43:10.431355+00
873,red or gray,en,2026-01-09 17:43:10.761267+00
874,nocturnal hunter,en,2026-01-09 17:43:11.109682+00
877,howls,en,2026-01-09 17:43:12.653995+00
878,apex predator,en,2026-01-09 17:43:12.986522+00
879,thick fur,en,2026-01-09 17:43:13.401973+00
881,smaller than wolf,en,2026-01-09 17:43:14.371135+00
882,adaptable,en,2026-01-09 17:43:14.674045+00
883,howls and yips,en,2026-01-09 17:43:14.993307+00
884,omnivore,en,2026-01-09 17:43:15.338029+00
885,flying mammal,en,2026-01-09 17:43:15.86161+00
886,nocturnal,en,2026-01-09 17:43:16.270564+00
887,echolocation,en,2026-01-09 17:43:16.707665+00
888,hangs upside down,en,2026-01-09 17:43:17.015653+00
890,rodent,en,2026-01-09 17:43:18.319455+00
891,long tail,en,2026-01-09 17:43:18.658335+00
892,city dweller,en,2026-01-09 17:43:18.961766+00
895,small rodent,en,2026-01-09 17:43:20.485712+00
896,squeaks,en,2026-01-09 17:43:20.798538+00
897,eats cheese,en,2026-01-09 17:43:21.1352+00
898,quick movements,en,2026-01-09 17:43:21.536887+00
899,tiny,en,2026-01-09 17:43:21.881597+00
900,hopping mammal,en,2026-01-09 17:43:22.389325+00
902,fluffy tail,en,2026-01-09 17:43:23.196385+00
903,burrows,en,2026-01-09 17:43:23.517213+00
904,fast,en,2026-01-09 17:43:23.892623+00
905,legless reptile,en,2026-01-09 17:43:24.387785+00
906,scales,en,2026-01-09 17:43:24.708179+00
907,slithers,en,2026-01-09 17:43:25.186845+00
908,some venomous,en,2026-01-09 17:43:25.525463+00
909,sheds skin,en,2026-01-09 17:43:25.827637+00
910,scaly reptile,en,2026-01-09 17:43:26.342627+00
912,cold blooded,en,2026-01-09 17:43:27.196618+00
913,tail can detach,en,2026-01-09 17:43:27.514332+00
914,sun basker,en,2026-01-09 17:43:27.849688+00
915,shelled reptile,en,2026-01-09 17:43:28.356537+00
916,slow moving,en,2026-01-09 17:43:28.665489+00
917,aquatic or land,en,2026-01-09 17:43:29.028145+00
919,retracts into shell,en,2026-01-09 17:43:29.986302+00
920,small amphibian,en,2026-01-09 17:43:30.510682+00
921,salamander type,en,2026-01-09 17:43:30.847859+00
924,aquatic,en,2026-01-09 17:43:32.224678+00
925,small arachnid,en,2026-01-09 17:43:33.156594+00
926,blood sucker,en,2026-01-09 17:43:33.521807+00
927,attaches to skin,en,2026-01-09 17:43:33.919001+00
928,disease carrier,en,2026-01-09 17:43:34.253992+00
929,eight legs,en,2026-01-09 17:43:34.58968+00
930,tiny arachnid,en,2026-01-09 17:43:35.380916+00
931,microscopic,en,2026-01-09 17:43:35.73976+00
933,some parasitic,en,2026-01-09 17:43:36.623942+00
934,causes allergies,en,2026-01-09 17:43:37.027611+00
935,legless invertebrate,en,2026-01-09 17:43:37.496074+00
936,lives in soil,en,2026-01-09 17:43:37.817834+00
937,good for garden,en,2026-01-09 17:43:38.151396+00
938,soft body,en,2026-01-09 17:43:38.475529+00
939,wiggles,en,2026-01-09 17:43:38.800591+00
940,slow mollusk,en,2026-01-09 17:43:39.266107+00
941,spiral shell,en,2026-01-09 17:43:39.573838+00
942,slimy trail,en,2026-01-09 17:43:39.871881+00
943,garden dweller,en,2026-01-09 17:43:40.17993+00
945,shell less snail,en,2026-01-09 17:43:41.125139+00
946,slimy,en,2026-01-09 17:43:41.462228+00
949,eats plants,en,2026-01-09 17:43:42.661128+00
950,blood sucking worm,en,2026-01-09 17:43:43.125853+00
952,medical use,en,2026-01-09 17:43:43.886844+00
953,attaches,en,2026-01-09 17:43:44.19087+00
954,expands when feeding,en,2026-01-09 17:43:44.496715+00
955,musical instrument,en,2026-01-09 17:43:44.988157+00
956,keyboard instrument,en,2026-01-09 17:43:45.303255+00
957,has 88 keys,en,2026-01-09 17:43:45.624257+00
958,makes music,en,2026-01-09 17:43:45.953748+00
959,played with fingers,en,2026-01-09 17:43:46.274818+00
961,string instrument,en,2026-01-09 17:43:47.206699+00
962,has six strings,en,2026-01-09 17:43:47.496807+00
963,for rock music,en,2026-01-09 17:43:47.947564+00
964,acoustic or electric,en,2026-01-09 17:43:48.253907+00
967,played with bow,en,2026-01-09 17:43:49.618906+00
968,in orchestras,en,2026-01-09 17:43:49.959107+00
969,high pitched,en,2026-01-09 17:43:50.266684+00
971,percussion,en,2026-01-09 17:43:51.191865+00
972,hit with sticks,en,2026-01-09 17:43:51.507708+00
973,keeps rhythm,en,2026-01-09 17:43:51.801075+00
974,in rock bands,en,2026-01-09 17:43:52.108678+00
976,wind instrument,en,2026-01-09 17:43:53.048515+00
977,metal or wood,en,2026-01-09 17:43:53.352829+00
978,played sideways,en,2026-01-09 17:43:53.662359+00
979,high pitch,en,2026-01-09 17:43:54.110211+00
981,brass instrument,en,2026-01-09 17:43:55.266201+00
982,has three valves,en,2026-01-09 17:43:55.572848+00
983,for jazz,en,2026-01-09 17:43:55.873589+00
984,high pitched brass,en,2026-01-09 17:43:56.199399+00
987,played sitting down,en,2026-01-09 17:43:57.684699+00
988,larger than violin,en,2026-01-09 17:43:58.003063+00
989,deep rich sound,en,2026-01-09 17:43:58.300457+00
992,triangular shape,en,2026-01-09 17:43:59.712476+00
993,plucked with fingers,en,2026-01-09 17:44:00.124924+00
994,ancient instrument,en,2026-01-09 17:44:00.444562+00
996,has trunk,en,2026-01-09 17:44:01.488603+00
997,largest land animal,en,2026-01-09 17:44:01.911962+00
999,never forgets,en,2026-01-09 17:44:02.885167+00
1000,tall mammal,en,2026-01-09 17:44:03.547653+00
1001,long neck,en,2026-01-09 17:44:03.896116+00
1002,tallest animal,en,2026-01-09 17:44:04.380852+00
1004,spotted pattern,en,2026-01-09 17:44:05.77022+00
1005,flightless bird,en,2026-01-09 17:44:06.617656+00
1006,lives in antarctica,en,2026-01-09 17:44:06.956933+00
1007,black and white,en,2026-01-09 17:44:07.308264+00
1009,waddles on land,en,2026-01-09 17:44:08.23847+00
1012,lives in ocean,en,2026-01-09 17:44:09.797952+00
1013,playful animal,en,2026-01-09 17:44:10.135457+00
1014,uses echolocation,en,2026-01-09 17:44:10.465958+00
1015,marsupial,en,2026-01-09 17:44:10.930445+00
1016,hops on legs,en,2026-01-09 17:44:11.250678+00
1017,lives in australia,en,2026-01-09 17:44:11.591535+00
1018,has pouch,en,2026-01-09 17:44:11.898729+00
1019,strong tail,en,2026-01-09 17:44:12.207336+00
1021,fastest land animal,en,2026-01-09 17:44:13.228258+00
1023,spotted fur,en,2026-01-09 17:44:13.985681+00
1024,sprint hunter,en,2026-01-09 17:44:14.315846+00
1025,marine animal,en,2026-01-09 17:44:14.768293+00
1026,eight tentacles,en,2026-01-09 17:44:15.075013+00
1027,intelligent invertebrate,en,2026-01-09 17:44:15.387717+00
1028,changes color,en,2026-01-09 17:44:15.70267+00
1029,lives underwater,en,2026-01-09 17:44:15.998167+00
1031,colorful wings,en,2026-01-09 17:44:16.956858+00
1032,goes through metamorphosis,en,2026-01-09 17:44:17.249528+00
1033,drinks nectar,en,2026-01-09 17:44:17.551064+00
1034,pollinates flowers,en,2026-01-09 17:44:17.854033+00
1035,bird of prey,en,2026-01-09 17:44:18.358483+00
1036,sharp talons,en,2026-01-09 17:44:18.674578+00
1037,excellent eyesight,en,2026-01-09 17:44:18.993324+00
1038,symbol of freedom,en,2026-01-09 17:44:19.310921+00
1039,builds high nests,en,2026-01-09 17:44:19.622619+00
1041,striped pattern,en,2026-01-09 17:44:20.541199+00
1042,lives in asia,en,2026-01-09 17:44:20.891869+00
1043,endangered,en,2026-01-09 17:44:21.195274+00
1044,solitary hunter,en,2026-01-09 17:44:21.511402+00
1045,striped horse,en,2026-01-09 17:44:21.950291+00
1048,runs in herds,en,2026-01-09 17:44:23.329226+00
1050,colorful bird,en,2026-01-09 17:44:24.396733+00
1051,fancy tail,en,2026-01-09 17:44:24.949864+00
1052,displays feathers,en,2026-01-09 17:44:25.284009+00
1053,native to india,en,2026-01-09 17:44:25.606776+00
1054,iridescent plumage,en,2026-01-09 17:44:25.934645+00
1057,eats eucalyptus,en,2026-01-09 17:44:27.604112+00
1058,sleeps all day,en,2026-01-09 17:44:27.944976+00
1059,looks like bear,en,2026-01-09 17:44:28.252816+00
1060,bear,en,2026-01-09 17:44:28.746859+00
1062,eats bamboo,en,2026-01-09 17:44:29.592689+00
1063,lives in china,en,2026-01-09 17:44:29.967781+00
1064,endangered species,en,2026-01-09 17:44:30.348362+00
1065,largest mammal,en,2026-01-09 17:44:31.056475+00
1067,breathes through blowhole,en,2026-01-09 17:44:32.061168+00
1069,migrates far,en,2026-01-09 17:44:32.942247+00
1070,fruit,en,2026-01-09 17:44:33.451249+00
1071,grows on trees,en,2026-01-09 17:44:33.78446+00
1072,red green yellow,en,2026-01-09 17:44:34.110627+00
1073,keeps doctor away,en,2026-01-09 17:44:34.462457+00
1074,crispy sweet,en,2026-01-09 17:44:34.821208+00
1075,tropical fruit,en,2026-01-09 17:44:35.403495+00
1076,yellow when ripe,en,2026-01-09 17:44:35.819955+00
1077,high in potassium,en,2026-01-09 17:44:36.316278+00
1078,grows in bunches,en,2026-01-09 17:44:36.869465+00
1079,monkeys love it,en,2026-01-09 17:44:37.310714+00
1081,orange color,en,2026-01-09 17:44:38.436341+00
1082,high in vitamin c,en,2026-01-09 17:44:38.805281+00
1083,juicy segments,en,2026-01-09 17:44:39.158919+00
1086,orange flesh,en,2026-01-09 17:44:40.769507+00
1088,large seed,en,2026-01-09 17:44:41.700026+00
1089,king of fruits,en,2026-01-09 17:44:42.0487+00
1091,grows in clusters,en,2026-01-09 17:44:43.092175+00
1092,makes wine,en,2026-01-09 17:44:43.408058+00
1093,red green purple,en,2026-01-09 17:44:43.739033+00
1094,grows on vines,en,2026-01-09 17:44:44.06556+00
1095,small red fruit,en,2026-01-09 17:44:44.559947+00
1096,has pit,en,2026-01-09 17:44:44.874862+00
1099,popular in pies,en,2026-01-09 17:44:46.396185+00
1100,fuzzy skin,en,2026-01-09 17:44:47.044538+00
1101,orange pink,en,2026-01-09 17:44:47.36821+00
1102,juicy stone fruit,en,2026-01-09 17:44:47.708553+00
1103,sweet flavor,en,2026-01-09 17:44:48.023111+00
1105,root vegetable,en,2026-01-09 17:44:48.999756+00
1107,good for eyes,en,2026-01-09 17:44:49.929947+00
1108,crunchy texture,en,2026-01-09 17:44:50.326853+00
1109,high vitamin a,en,2026-01-09 17:44:50.639539+00
1110,green vegetable,en,2026-01-09 17:44:51.13903+00
1111,looks like trees,en,2026-01-09 17:44:51.471152+00
1112,cruciferous,en,2026-01-09 17:44:51.801461+00
1113,rich in nutrients,en,2026-01-09 17:44:52.168533+00
1114,eaten cooked or raw,en,2026-01-09 17:44:52.541184+00
1115,starchy vegetable,en,2026-01-09 17:44:53.01308+00
1116,grows underground,en,2026-01-09 17:44:53.335131+00
1117,versatile ingredient,en,2026-01-09 17:44:53.667253+00
1118,makes fries,en,2026-01-09 17:44:54.008027+00
1119,staple food,en,2026-01-09 17:44:54.355067+00
1120,red vegetable,en,2026-01-09 17:44:54.853633+00
1121,technically fruit,en,2026-01-09 17:44:55.17347+00
1122,used in sauces,en,2026-01-09 17:44:55.487035+00
1124,juicy acidic,en,2026-01-09 17:44:56.371373+00
1125,leafy green,en,2026-01-09 17:44:56.899756+00
1126,used in salads,en,2026-01-09 17:44:57.316098+00
1127,crispy texture,en,2026-01-09 17:44:57.678144+00
1128,low calories,en,2026-01-09 17:44:58.0377+00
1129,grows in heads,en,2026-01-09 17:44:58.375721+00
1131,mostly water,en,2026-01-09 17:44:59.347067+00
1132,refreshing taste,en,2026-01-09 17:44:59.649467+00
1134,for salads,en,2026-01-09 17:45:00.449278+00
1135,colorful vegetable,en,2026-01-09 17:45:01.029572+00
1136,red yellow green,en,2026-01-09 17:45:01.357962+00
1137,sweet or spicy,en,2026-01-09 17:45:01.751619+00
1138,bell shaped,en,2026-01-09 17:45:02.128365+00
1139,rich vitamin c,en,2026-01-09 17:45:02.464989+00
1140,bulb vegetable,en,2026-01-09 17:45:03.016375+00
1141,makes you cry,en,2026-01-09 17:45:03.354389+00
1142,has layers,en,2026-01-09 17:45:03.724822+00
1146,high in iron,en,2026-01-09 17:45:05.817559+00
1147,popeyes favorite,en,2026-01-09 17:45:06.139713+00
1148,eaten raw or cooked,en,2026-01-09 17:45:06.465776+00
1149,nutritious,en,2026-01-09 17:45:06.813277+00
1150,medical professional,en,2026-01-09 17:45:07.298821+00
1151,treats patients,en,2026-01-09 17:45:07.624313+00
1152,works in hospital,en,2026-01-09 17:45:07.959646+00
1153,helps sick people,en,2026-01-09 17:45:08.282271+00
1154,wears white coat,en,2026-01-09 17:45:08.605238+00
1155,educator,en,2026-01-09 17:45:09.084464+00
1156,works in school,en,2026-01-09 17:45:09.40857+00
1157,teaches students,en,2026-01-09 17:45:09.750897+00
1158,shares knowledge,en,2026-01-09 17:45:10.110827+00
1159,grades homework,en,2026-01-09 17:45:10.425527+00
1160,designs builds,en,2026-01-09 17:45:10.93313+00
1161,solves technical problems,en,2026-01-09 17:45:11.256657+00
1162,uses math science,en,2026-01-09 17:45:11.579722+00
1163,creates solutions,en,2026-01-09 17:45:11.901249+00
1164,builds structures,en,2026-01-09 17:45:12.221255+00
1165,professional cook,en,2026-01-09 17:45:12.707096+00
1166,works in kitchen,en,2026-01-09 17:45:13.040116+00
1167,creates dishes,en,2026-01-09 17:45:13.40202+00
1168,culinary expert,en,2026-01-09 17:45:13.746344+00
1169,tall white hat,en,2026-01-09 17:45:14.168466+00
1170,flies airplanes,en,2026-01-09 17:45:14.638064+00
1171,works in aviation,en,2026-01-09 17:45:15.219239+00
1172,travels world,en,2026-01-09 17:45:15.540373+00
1173,sits in cockpit,en,2026-01-09 17:45:15.846027+00
1174,needs license,en,2026-01-09 17:45:16.167208+00
1175,creates art,en,2026-01-09 17:45:16.643475+00
1176,paints or sculpts,en,2026-01-09 17:45:16.985151+00
1177,creative professional,en,2026-01-09 17:45:17.317138+00
1178,works in studio,en,2026-01-09 17:45:17.628469+00
1179,expresses visually,en,2026-01-09 17:45:17.951372+00
1180,healthcare worker,en,2026-01-09 17:45:18.410285+00
1181,helps doctors,en,2026-01-09 17:45:18.730145+00
1182,cares for patients,en,2026-01-09 17:45:19.025937+00
1184,gives medicine,en,2026-01-09 17:45:20.288259+00
1185,law enforcement,en,2026-01-09 17:45:20.759944+00
1186,keeps people safe,en,2026-01-09 17:45:21.076364+00
1187,catches criminals,en,2026-01-09 17:45:21.392062+00
1188,wears uniform,en,2026-01-09 17:45:21.688836+00
1189,drives patrol car,en,2026-01-09 17:45:22.005593+00
1190,grows crops,en,2026-01-09 17:45:22.481515+00
1191,raises animals,en,2026-01-09 17:45:22.78697+00
1192,works on land,en,2026-01-09 17:45:23.101549+00
1193,provides food,en,2026-01-09 17:45:23.408866+00
1194,drives tractor,en,2026-01-09 17:45:23.712769+00
1195,legal professional,en,2026-01-09 17:45:24.202919+00
1196,represents clients,en,2026-01-09 17:45:24.531843+00
1197,knows the law,en,2026-01-09 17:45:24.837235+00
1198,works in court,en,2026-01-09 17:45:25.140209+00
1199,argues cases,en,2026-01-09 17:45:25.445529+00
1200,tooth doctor,en,2026-01-09 17:45:25.903738+00
1201,cleans teeth,en,2026-01-09 17:45:26.218391+00
1202,fixes cavities,en,2026-01-09 17:45:26.537396+00
1203,works in clinic,en,2026-01-09 17:45:26.87418+00
1204,uses drill,en,2026-01-09 17:45:27.28054+00
1205,creates stories,en,2026-01-09 17:45:27.742666+00
1206,uses words,en,2026-01-09 17:45:28.040894+00
1207,authors books,en,2026-01-09 17:45:28.350577+00
1209,writes articles,en,2026-01-09 17:45:29.14457+00
1210,performs music,en,2026-01-09 17:45:29.6341+00
1211,uses voice,en,2026-01-09 17:45:29.999335+00
1212,on stage,en,2026-01-09 17:45:30.315437+00
1213,records songs,en,2026-01-09 17:45:30.655522+00
1214,entertains crowds,en,2026-01-09 17:45:30.991099+00
1215,performs movement,en,2026-01-09 17:45:31.494844+00
1217,follows rhythm,en,2026-01-09 17:45:32.299222+00
1218,graceful art,en,2026-01-09 17:45:32.602851+00
1219,many styles,en,2026-01-09 17:45:32.964861+00
1220,plays instruments,en,2026-01-09 17:45:33.451947+00
1221,creates music,en,2026-01-09 17:45:33.793644+00
1222,performs songs,en,2026-01-09 17:45:34.108347+00
1223,in bands,en,2026-01-09 17:45:34.417473+00
1224,reads sheet music,en,2026-01-09 17:45:34.743532+00
1225,makes bread,en,2026-01-09 17:45:35.240466+00
1226,works in bakery,en,2026-01-09 17:45:35.545368+00
1227,uses oven,en,2026-01-09 17:45:35.877828+00
1228,creates pastries,en,2026-01-09 17:45:36.181184+00
1229,early morning work,en,2026-01-09 17:45:36.494107+00
1230,fixes vehicles,en,2026-01-09 17:45:36.96338+00
1231,works with tools,en,2026-01-09 17:45:37.280109+00
1232,repairs cars,en,2026-01-09 17:45:37.628049+00
1233,in garage,en,2026-01-09 17:45:37.945552+00
1234,knows engines,en,2026-01-09 17:45:38.254636+00
1235,fixes pipes,en,2026-01-09 17:45:38.878637+00
1236,works with water,en,2026-01-09 17:45:39.183019+00
1237,repairs leaks,en,2026-01-09 17:45:39.509989+00
1238,installs fixtures,en,2026-01-09 17:45:39.811875+00
1239,uses wrench,en,2026-01-09 17:45:40.139317+00
1240,applies paint,en,2026-01-09 17:45:40.62891+00
1241,decorates walls,en,2026-01-09 17:45:40.933223+00
1242,uses brushes,en,2026-01-09 17:45:41.294628+00
1243,mixes colors,en,2026-01-09 17:45:41.613602+00
1244,works on houses,en,2026-01-09 17:45:41.931892+00
1245,tends plants,en,2026-01-09 17:45:42.407569+00
1246,works outdoors,en,2026-01-09 17:45:42.727593+00
1247,grows flowers,en,2026-01-09 17:45:43.078138+00
1248,maintains lawns,en,2026-01-09 17:45:43.416932+00
1249,uses tools,en,2026-01-09 17:45:43.779412+00
1250,does research,en,2026-01-09 17:45:44.273131+00
1251,studies nature,en,2026-01-09 17:45:44.616989+00
1252,performs experiments,en,2026-01-09 17:45:44.969964+00
1253,discovers things,en,2026-01-09 17:45:45.317668+00
1254,works in lab,en,2026-01-09 17:45:45.707454+00
1255,organizes books,en,2026-01-09 17:45:46.270471+00
1256,helps readers,en,2026-01-09 17:45:46.595817+00
1257,works in library,en,2026-01-09 17:45:46.931868+00
1258,knows literature,en,2026-01-09 17:45:47.370858+00
1259,manages collections,en,2026-01-09 17:45:47.740131+00
1260,works with wood,en,2026-01-09 17:45:48.253486+00
1261,builds furniture,en,2026-01-09 17:45:48.618349+00
1262,uses saw,en,2026-01-09 17:45:49.016248+00
1263,creates structures,en,2026-01-09 17:45:49.34581+00
1264,skilled craftsman,en,2026-01-09 17:45:49.68505+00
1265,designs buildings,en,2026-01-09 17:45:50.175589+00
1266,draws plans,en,2026-01-09 17:45:50.476196+00
1268,uses computer,en,2026-01-09 17:45:51.289952+00
1269,artistic engineer,en,2026-01-09 17:45:51.590633+00
1270,reports news,en,2026-01-09 17:45:52.049051+00
1272,investigates stories,en,2026-01-09 17:45:52.847339+00
1273,interviews people,en,2026-01-09 17:45:53.150743+00
1274,works for media,en,2026-01-09 17:45:53.499461+00
1275,manages money,en,2026-01-09 17:45:53.970798+00
1276,works with numbers,en,2026-01-09 17:45:54.339793+00
1277,does taxes,en,2026-01-09 17:45:54.66559+00
1278,financial expert,en,2026-01-09 17:45:54.995008+00
1280,office worker,en,2026-01-09 17:45:56.037756+00
1281,answers phones,en,2026-01-09 17:45:56.366803+00
1282,schedules meetings,en,2026-01-09 17:45:56.672251+00
1283,manages files,en,2026-01-09 17:45:57.004244+00
1284,helps executives,en,2026-01-09 17:45:57.319238+00
1285,leads team,en,2026-01-09 17:45:57.81041+00
1286,makes decisions,en,2026-01-09 17:45:58.135457+00
1287,organizes work,en,2026-01-09 17:45:58.455381+00
1288,supervises people,en,2026-01-09 17:45:58.793257+00
1289,runs business,en,2026-01-09 17:45:59.119585+00
1290,sells products,en,2026-01-09 17:45:59.612458+00
1291,talks to customers,en,2026-01-09 17:45:59.935337+00
1292,earns commission,en,2026-01-09 17:46:00.24806+00
1293,persuasive,en,2026-01-09 17:46:00.606719+00
1294,works in store,en,2026-01-09 17:46:00.939062+00
1295,handles money,en,2026-01-09 17:46:01.482392+00
1296,works at register,en,2026-01-09 17:46:01.821767+00
1297,serves customers,en,2026-01-09 17:46:02.183152+00
1298,in stores,en,2026-01-09 17:46:02.630728+00
1299,counts change,en,2026-01-09 17:46:02.961539+00
1300,serves food,en,2026-01-09 17:46:03.493467+00
1301,works in restaurant,en,2026-01-09 17:46:03.839158+00
1302,takes orders,en,2026-01-09 17:46:04.219003+00
1303,brings meals,en,2026-01-09 17:46:04.565646+00
1304,earns tips,en,2026-01-09 17:46:04.995233+00
1305,makes drinks,en,2026-01-09 17:46:05.71543+00
1306,works in bar,en,2026-01-09 17:46:06.037944+00
1307,serves beverages,en,2026-01-09 17:46:06.432887+00
1308,mixes cocktails,en,2026-01-09 17:46:06.841832+00
1310,cuts hair,en,2026-01-09 17:46:08.019412+00
1311,works in salon,en,2026-01-09 17:46:08.345431+00
1312,uses scissors,en,2026-01-09 17:46:08.781808+00
1313,styles hair,en,2026-01-09 17:46:09.141944+00
1314,gives shaves,en,2026-01-09 17:46:09.484837+00
1315,sews clothes,en,2026-01-09 17:46:09.990951+00
1316,alters garments,en,2026-01-09 17:46:10.317694+00
1317,uses needle,en,2026-01-09 17:46:10.713951+00
1318,measures fabric,en,2026-01-09 17:46:11.057121+00
1319,custom fits,en,2026-01-09 17:46:11.38216+00
1320,in military,en,2026-01-09 17:46:11.915691+00
1321,defends country,en,2026-01-09 17:46:12.254074+00
1323,trained fighter,en,2026-01-09 17:46:13.065454+00
1324,follows orders,en,2026-01-09 17:46:13.425728+00
1325,fights fires,en,2026-01-09 17:46:13.912149+00
1326,saves lives,en,2026-01-09 17:46:14.229778+00
1327,brave hero,en,2026-01-09 17:46:14.559306+00
1328,uses hose,en,2026-01-09 17:46:14.891473+00
1329,wears protective gear,en,2026-01-09 17:46:15.2387+00
1330,emergency medical,en,2026-01-09 17:46:15.744539+00
1332,drives ambulance,en,2026-01-09 17:46:16.553099+00
1333,first responder,en,2026-01-09 17:46:16.873265+00
1334,treats injuries,en,2026-01-09 17:46:17.197593+00
1335,writes code,en,2026-01-09 17:46:17.674605+00
1336,creates software,en,2026-01-09 17:46:18.080916+00
1338,solves problems,en,2026-01-09 17:46:18.941716+00
1339,technical expert,en,2026-01-09 17:46:19.320307+00
1340,converts languages,en,2026-01-09 17:46:19.822473+00
1341,knows multiple languages,en,2026-01-09 17:46:20.159927+00
1342,interprets speech,en,2026-01-09 17:46:20.469794+00
1343,works with text,en,2026-01-09 17:46:20.802002+00
1344,cultural bridge,en,2026-01-09 17:46:21.129113+00
1345,dispenses medicine,en,2026-01-09 17:46:21.620964+00
1346,works in pharmacy,en,2026-01-09 17:46:21.948826+00
1347,knows drugs,en,2026-01-09 17:46:22.277189+00
1348,fills prescriptions,en,2026-01-09 17:46:22.623033+00
1349,health expert,en,2026-01-09 17:46:22.953573+00
1350,plays sports,en,2026-01-09 17:46:23.467962+00
1351,very fit,en,2026-01-09 17:46:23.799919+00
1352,competes,en,2026-01-09 17:46:24.129575+00
1353,trains daily,en,2026-01-09 17:46:25.178091+00
1354,wins medals,en,2026-01-09 17:46:25.493257+00
1355,trains athletes,en,2026-01-09 17:46:26.035718+00
1356,teaches sports,en,2026-01-09 17:46:26.348861+00
1357,motivates team,en,2026-01-09 17:46:26.667893+00
1358,plans strategy,en,2026-01-09 17:46:26.968703+00
1359,on sidelines,en,2026-01-09 17:46:27.307119+00
1360,judges games,en,2026-01-09 17:46:27.815231+00
1361,enforces rules,en,2026-01-09 17:46:28.113778+00
1362,wears stripes,en,2026-01-09 17:46:28.401188+00
1363,blows whistle,en,2026-01-09 17:46:28.728454+00
1364,makes calls,en,2026-01-09 17:46:29.021361+00
1365,leads ship,en,2026-01-09 17:46:29.548355+00
1366,in charge,en,2026-01-09 17:46:29.897509+00
1367,navigates vessel,en,2026-01-09 17:46:30.191136+00
1368,commands crew,en,2026-01-09 17:46:30.507915+00
1369,at sea,en,2026-01-09 17:46:30.805076+00
1370,solves crimes,en,2026-01-09 17:46:31.332179+00
1371,investigates,en,2026-01-09 17:46:31.614368+00
1372,finds clues,en,2026-01-09 17:46:31.951514+00
1373,works for police,en,2026-01-09 17:46:32.316034+00
1374,smart thinker,en,2026-01-09 17:46:32.629149+00
1375,provides security,en,2026-01-09 17:46:33.104774+00
1376,watches over,en,2026-01-09 17:46:33.413599+00
1377,protects property,en,2026-01-09 17:46:33.719706+00
1378,in uniform,en,2026-01-09 17:46:34.068672+00
1379,stays alert,en,2026-01-09 17:46:34.396556+00
1380,presides court,en,2026-01-09 17:46:34.83491+00
1381,makes rulings,en,2026-01-09 17:46:35.127867+00
1382,interprets law,en,2026-01-09 17:46:35.438272+00
1383,wears robe,en,2026-01-09 17:46:35.724114+00
1384,very fair,en,2026-01-09 17:46:36.114751+00
1385,city leader,en,2026-01-09 17:46:36.624136+00
1386,elected official,en,2026-01-09 17:46:36.92494+00
1388,runs government,en,2026-01-09 17:46:37.718099+00
1389,serves community,en,2026-01-09 17:46:38.031855+00
1390,religious leader,en,2026-01-09 17:46:38.474533+00
1391,gives sermons,en,2026-01-09 17:46:38.783885+00
1392,works in church,en,2026-01-09 17:46:39.122982+00
1393,spiritual guide,en,2026-01-09 17:46:39.459405+00
1394,performs ceremonies,en,2026-01-09 17:46:39.76159+00
1395,teaches college,en,2026-01-09 17:46:40.27347+00
1396,expert in field,en,2026-01-09 17:46:40.615508+00
1398,writes papers,en,2026-01-09 17:46:41.37912+00
1399,in university,en,2026-01-09 17:46:41.686975+00
1400,gives advice,en,2026-01-09 17:46:42.210934+00
1401,helps people,en,2026-01-09 17:46:42.561768+00
1402,listens carefully,en,2026-01-09 17:46:42.87953+00
1404,supportive,en,2026-01-09 17:46:43.720868+00
1405,leads production,en,2026-01-09 17:46:44.252628+00
1406,makes movies,en,2026-01-09 17:46:44.55915+00
1407,creative leader,en,2026-01-09 17:46:44.848983+00
1408,guides actors,en,2026-01-09 17:46:45.158547+00
1409,artistic vision,en,2026-01-09 17:46:45.452252+00
1410,manages projects,en,2026-01-09 17:46:46.073981+00
1411,oversees creation,en,2026-01-09 17:46:46.433875+00
1412,handles budget,en,2026-01-09 17:46:46.768433+00
1413,coordinates team,en,2026-01-09 17:46:47.069572+00
1415,revises text,en,2026-01-09 17:46:48.02996+00
1416,improves writing,en,2026-01-09 17:46:48.332633+00
1417,cuts video,en,2026-01-09 17:46:48.646046+00
1418,attention to detail,en,2026-01-09 17:46:48.967076+00
1419,works with content,en,2026-01-09 17:46:49.294607+00
1420,creates visuals,en,2026-01-09 17:46:49.895074+00
1421,artistic work,en,2026-01-09 17:46:50.214862+00
1422,uses software,en,2026-01-09 17:46:50.592059+00
1423,makes layouts,en,2026-01-09 17:46:50.958502+00
1424,creative thinking,en,2026-01-09 17:46:51.286806+00
1425,teaches skills,en,2026-01-09 17:46:51.833438+00
1426,trains people,en,2026-01-09 17:46:52.164531+00
1427,explains concepts,en,2026-01-09 17:46:52.497744+00
1428,patient teacher,en,2026-01-09 17:46:52.869056+00
1429,shares expertise,en,2026-01-09 17:46:53.203436+00
1430,gives expert advice,en,2026-01-09 17:46:53.646993+00
1432,works with clients,en,2026-01-09 17:46:54.476479+00
1433,specialized knowledge,en,2026-01-09 17:46:54.793997+00
1434,independent,en,2026-01-09 17:46:55.344071+00
1435,studies topics,en,2026-01-09 17:46:55.827553+00
1436,gathers data,en,2026-01-09 17:46:56.17578+00
1437,analyzes information,en,2026-01-09 17:46:56.486075+00
1438,discovers facts,en,2026-01-09 17:46:56.788949+00
1439,writes reports,en,2026-01-09 17:46:57.120682+00
1440,examines data,en,2026-01-09 17:46:57.603299+00
1441,finds patterns,en,2026-01-09 17:46:57.902002+00
1442,makes predictions,en,2026-01-09 17:46:58.218682+00
1443,uses statistics,en,2026-01-09 17:46:58.508581+00
1445,fixes equipment,en,2026-01-09 17:46:59.860874+00
1446,technical skills,en,2026-01-09 17:47:00.235251+00
1448,maintains systems,en,2026-01-09 17:47:01.198627+00
1449,troubleshoots,en,2026-01-09 17:47:01.591563+00
1450,checks quality,en,2026-01-09 17:47:02.195321+00
1451,ensures standards,en,2026-01-09 17:47:02.65133+00
1452,examines carefully,en,2026-01-09 17:47:03.014448+00
1453,approves work,en,2026-01-09 17:47:03.383739+00
1454,finds defects,en,2026-01-09 17:47:03.86576+00
1455,runs machines,en,2026-01-09 17:47:04.408902+00
1456,controls equipment,en,2026-01-09 17:47:04.752386+00
1457,follows procedures,en,2026-01-09 17:47:05.090535+00
1458,monitors systems,en,2026-01-09 17:47:05.383537+00
1459,technical work,en,2026-01-09 17:47:05.722989+00
1460,helps others,en,2026-01-09 17:47:06.214099+00
1461,supports work,en,2026-01-09 17:47:06.532213+00
1462,follows directions,en,2026-01-09 17:47:06.872906+00
1463,organized person,en,2026-01-09 17:47:07.184717+00
1464,multitasks,en,2026-01-09 17:47:07.544905+00
1466,focused knowledge,en,2026-01-09 17:47:08.5308+00
1467,skilled professional,en,2026-01-09 17:47:08.820342+00
1468,solves complex issues,en,2026-01-09 17:47:09.172706+00
1469,consulted,en,2026-01-09 17:47:09.489869+00
1470,oversees workers,en,2026-01-09 17:47:09.98116+00
1471,manages team,en,2026-01-09 17:47:10.340623+00
1472,ensures quality,en,2026-01-09 17:47:10.656097+00
1473,gives direction,en,2026-01-09 17:47:11.030869+00
1474,monitors progress,en,2026-01-09 17:47:11.367966+00
1475,high level leader,en,2026-01-09 17:47:11.942531+00
1476,makes big decisions,en,2026-01-09 17:47:12.327275+00
1477,runs company,en,2026-01-09 17:47:12.769131+00
1478,strategic thinker,en,2026-01-09 17:47:13.103896+00
1480,tall landform,en,2026-01-09 17:47:14.092726+00
1481,peak at top,en,2026-01-09 17:47:14.417455+00
1482,rocky terrain,en,2026-01-09 17:47:14.702872+00
1483,snow on top,en,2026-01-09 17:47:15.015437+00
1484,climbers challenge,en,2026-01-09 17:47:15.308281+00
1485,large water body,en,2026-01-09 17:47:15.812452+00
1486,salty water,en,2026-01-09 17:47:16.153387+00
1487,covers earth,en,2026-01-09 17:47:16.496272+00
1488,has waves,en,2026-01-09 17:47:16.840207+00
1489,fish live here,en,2026-01-09 17:47:17.139837+00
1490,flowing water,en,2026-01-09 17:47:17.640922+00
1491,runs to sea,en,2026-01-09 17:47:17.971821+00
1493,can be crossed,en,2026-01-09 17:47:18.804381+00
1494,used for travel,en,2026-01-09 17:47:19.136106+00
1495,many trees,en,2026-01-09 17:47:19.621991+00
1496,animals live here,en,2026-01-09 17:47:19.958656+00
1497,fresh air,en,2026-01-09 17:47:20.29021+00
1498,hiking place,en,2026-01-09 17:47:20.61767+00
1499,dense vegetation,en,2026-01-09 17:47:20.927098+00
1500,very dry land,en,2026-01-09 17:47:21.40893+00
1501,little rain,en,2026-01-09 17:47:21.740471+00
1502,hot climate,en,2026-01-09 17:47:22.04658+00
1503,sand dunes,en,2026-01-09 17:47:22.381641+00
1504,cacti grow,en,2026-01-09 17:47:22.793743+00
1505,land in water,en,2026-01-09 17:47:23.289239+00
1506,surrounded by sea,en,2026-01-09 17:47:23.617252+00
1507,can be tropical,en,2026-01-09 17:47:23.920412+00
1508,reached by boat,en,2026-01-09 17:47:24.257083+00
1509,vacation spot,en,2026-01-09 17:47:24.55341+00
1510,sandy shore,en,2026-01-09 17:47:25.073459+00
1511,by ocean,en,2026-01-09 17:47:25.3914+00
1512,waves crash,en,2026-01-09 17:47:25.695837+00
1514,seashells found,en,2026-01-09 17:47:26.553265+00
1515,water body,en,2026-01-09 17:47:27.097901+00
1516,surrounded by land,en,2026-01-09 17:47:27.450708+00
1517,fresh water,en,2026-01-09 17:47:27.782328+00
1519,calm surface,en,2026-01-09 17:47:28.554396+00
1520,low area,en,2026-01-09 17:47:29.019609+00
1521,between mountains,en,2026-01-09 17:47:29.376296+00
1522,rivers flow through,en,2026-01-09 17:47:29.739321+00
1523,fertile land,en,2026-01-09 17:47:30.047684+00
1524,scenic view,en,2026-01-09 17:47:30.346996+00
1525,raised ground,en,2026-01-09 17:47:30.840096+00
1526,smaller than mountain,en,2026-01-09 17:47:31.402114+00
1527,can climb,en,2026-01-09 17:47:31.760212+00
1528,rolling landscape,en,2026-01-09 17:47:32.070367+00
1529,scenic views,en,2026-01-09 17:47:32.448323+00
1530,underground space,en,2026-01-09 17:47:33.190342+00
1531,dark inside,en,2026-01-09 17:47:33.559967+00
1532,bats live here,en,2026-01-09 17:47:33.884361+00
1533,natural formation,en,2026-01-09 17:47:34.348146+00
1534,stalactites hang,en,2026-01-09 17:47:34.733174+00
1535,mountain with crater,en,2026-01-09 17:47:35.297469+00
1536,erupts lava,en,2026-01-09 17:47:35.605166+00
1538,dangerous,en,2026-01-09 17:47:36.530961+00
1539,forms islands,en,2026-01-09 17:47:36.944286+00
1540,huge ice,en,2026-01-09 17:47:37.555307+00
1541,moves slowly,en,2026-01-09 17:47:37.8896+00
1542,in cold regions,en,2026-01-09 17:47:38.273325+00
1543,melts in summer,en,2026-01-09 17:47:38.595933+00
1544,blue color,en,2026-01-09 17:47:38.928598+00
1545,deep valley,en,2026-01-09 17:47:39.490838+00
1546,steep sides,en,2026-01-09 17:47:39.791379+00
1547,carved by water,en,2026-01-09 17:47:40.099368+00
1548,dramatic landscape,en,2026-01-09 17:47:40.476097+00
1549,hiking destination,en,2026-01-09 17:47:40.780248+00
1550,flat land,en,2026-01-09 17:47:41.263266+00
1551,wide open space,en,2026-01-09 17:47:41.572898+00
1552,good for farming,en,2026-01-09 17:47:41.872995+00
1553,few trees,en,2026-01-09 17:47:42.17333+00
1554,grasslands,en,2026-01-09 17:47:42.517266+00
1555,grassy field,en,2026-01-09 17:47:42.962556+00
1556,flowers grow,en,2026-01-09 17:47:43.259663+00
1557,peaceful place,en,2026-01-09 17:47:43.681278+00
1558,animals graze,en,2026-01-09 17:47:44.00755+00
1559,in countryside,en,2026-01-09 17:47:44.309183+00
1560,wetland area,en,2026-01-09 17:47:44.76229+00
1561,muddy ground,en,2026-01-09 17:47:45.075846+00
1562,alligators live,en,2026-01-09 17:47:45.461772+00
1563,mosquitoes abundant,en,2026-01-09 17:47:45.816261+00
1564,trees in water,en,2026-01-09 17:47:46.128332+00
1565,tropical forest,en,2026-01-09 17:47:46.604001+00
1566,very dense,en,2026-01-09 17:47:46.949201+00
1567,lots of animals,en,2026-01-09 17:47:47.251383+00
1568,hot humid,en,2026-01-09 17:47:47.587182+00
1569,thick vegetation,en,2026-01-09 17:47:47.891525+00
1570,cold region,en,2026-01-09 17:47:48.410175+00
1571,frozen ground,en,2026-01-09 17:47:48.72768+00
1573,arctic area,en,2026-01-09 17:47:49.58446+00
1574,grassland,en,2026-01-09 17:47:50.961286+00
1575,flat terrain,en,2026-01-09 17:47:51.290835+00
1576,windy area,en,2026-01-09 17:47:51.619136+00
1579,steep rock face,en,2026-01-09 17:47:53.19351+00
1580,high edge,en,2026-01-09 17:47:53.509116+00
1581,ocean views,en,2026-01-09 17:47:53.820685+00
1582,dangerous drop,en,2026-01-09 17:47:54.145738+00
1583,birds nest,en,2026-01-09 17:47:54.494559+00
1584,underwater structure,en,2026-01-09 17:47:55.00205+00
1585,coral formation,en,2026-01-09 17:47:55.325593+00
1586,colorful fish,en,2026-01-09 17:47:55.662599+00
1587,in warm waters,en,2026-01-09 17:47:56.026633+00
1588,ecosystem,en,2026-01-09 17:47:56.439511+00
1589,water source,en,2026-01-09 17:47:56.913794+00
1590,flows from ground,en,2026-01-09 17:47:57.253082+00
1592,natural fountain,en,2026-01-09 17:47:58.094738+00
1593,can be hot,en,2026-01-09 17:47:58.490228+00
1594,wetland,en,2026-01-09 17:47:59.014795+00
1595,grassy area,en,2026-01-09 17:47:59.335467+00
1596,birds live here,en,2026-01-09 17:47:59.659091+00
1597,shallow water,en,2026-01-09 17:48:00.022462+00
1599,team sport,en,2026-01-09 17:48:01.054244+00
1600,oval ball,en,2026-01-09 17:48:01.372406+00
1601,goal posts,en,2026-01-09 17:48:01.706569+00
1602,tackle players,en,2026-01-09 17:48:02.091705+00
1603,touchdowns,en,2026-01-09 17:48:02.794472+00
1605,orange ball,en,2026-01-09 17:48:03.860645+00
1606,hoop and net,en,2026-01-09 17:48:04.202379+00
1607,dribble and shoot,en,2026-01-09 17:48:04.51674+00
1608,indoor court,en,2026-01-09 17:48:04.843668+00
1609,bat and ball,en,2026-01-09 17:48:05.451609+00
1610,diamond field,en,2026-01-09 17:48:05.819596+00
1611,home runs,en,2026-01-09 17:48:06.142578+00
1612,nine innings,en,2026-01-09 17:48:06.548524+00
1613,pitcher throws,en,2026-01-09 17:48:06.855477+00
1615,round ball,en,2026-01-09 17:48:08.20335+00
1616,kick goals,en,2026-01-09 17:48:08.500698+00
1617,no hands,en,2026-01-09 17:48:08.813354+00
1618,world cup,en,2026-01-09 17:48:09.11946+00
1619,racket sport,en,2026-01-09 17:48:09.640985+00
1620,yellow ball,en,2026-01-09 17:48:09.95933+00
1621,net divides court,en,2026-01-09 17:48:10.270158+00
1622,singles or doubles,en,2026-01-09 17:48:10.589767+00
1623,love means zero,en,2026-01-09 17:48:10.912389+00
1625,hit over net,en,2026-01-09 17:48:11.932359+00
1626,beach or indoor,en,2026-01-09 17:48:12.255615+00
1627,bump set spike,en,2026-01-09 17:48:12.592728+00
1628,six players,en,2026-01-09 17:48:12.919623+00
1630,ice or field,en,2026-01-09 17:48:13.852599+00
1631,puck or ball,en,2026-01-09 17:48:14.188464+00
1632,goals scored,en,2026-01-09 17:48:14.507259+00
1633,sticks used,en,2026-01-09 17:48:14.82428+00
1634,club sport,en,2026-01-09 17:48:15.479207+00
1635,small ball,en,2026-01-09 17:48:15.822046+00
1636,eighteen holes,en,2026-01-09 17:48:16.158079+00
1637,lowest score wins,en,2026-01-09 17:48:16.533777+00
1638,peaceful game,en,2026-01-09 17:48:16.87391+00
1639,water sport,en,2026-01-09 17:48:17.439288+00
1640,different strokes,en,2026-01-09 17:48:17.78696+00
1641,races or leisure,en,2026-01-09 17:48:18.123846+00
1642,good exercise,en,2026-01-09 17:48:18.546958+00
1643,in pool or ocean,en,2026-01-09 17:48:18.874921+00
1644,combat sport,en,2026-01-09 17:48:19.365081+00
1645,wear gloves,en,2026-01-09 17:48:19.69687+00
1646,in ring,en,2026-01-09 17:48:20.021592+00
1647,knockout wins,en,2026-01-09 17:48:20.326576+00
1648,rounds timed,en,2026-01-09 17:48:20.63727+00
1650,grappling,en,2026-01-09 17:48:21.852998+00
1651,pins opponent,en,2026-01-09 17:48:22.17069+00
1652,on mat,en,2026-01-09 17:48:22.566199+00
1653,weight classes,en,2026-01-09 17:48:22.908464+00
1654,track sport,en,2026-01-09 17:48:23.438702+00
1655,races,en,2026-01-09 17:48:23.761598+00
1656,different distances,en,2026-01-09 17:48:24.082548+00
1657,sprints or marathon,en,2026-01-09 17:48:24.411395+00
1658,good cardio,en,2026-01-09 17:48:24.761365+00
1659,bike sport,en,2026-01-09 17:48:25.295967+00
1661,different terrains,en,2026-01-09 17:48:26.139907+00
1662,tour de france,en,2026-01-09 17:48:26.439994+00
1663,pedal power,en,2026-01-09 17:48:26.81598+00
1664,winter sport,en,2026-01-09 17:48:27.408462+00
1665,snow slopes,en,2026-01-09 17:48:27.765198+00
1666,downhill fast,en,2026-01-09 17:48:28.080619+00
1667,poles used,en,2026-01-09 17:48:28.400194+00
1669,ice or roller,en,2026-01-09 17:48:29.394682+00
1670,glide smoothly,en,2026-01-09 17:48:29.79066+00
1671,figure skating,en,2026-01-09 17:48:30.097022+00
1672,artistic moves,en,2026-01-09 17:48:30.464459+00
1673,balance needed,en,2026-01-09 17:48:30.843487+00
1675,ride waves,en,2026-01-09 17:48:31.917889+00
1676,on board,en,2026-01-09 17:48:32.225346+00
1677,balance skill,en,2026-01-09 17:48:32.582799+00
1678,ocean beaches,en,2026-01-09 17:48:32.907542+00
1679,vertical sport,en,2026-01-09 17:48:33.470678+00
1680,rock or mountain,en,2026-01-09 17:48:33.800279+00
1681,ropes used,en,2026-01-09 17:48:34.143657+00
1682,strength needed,en,2026-01-09 17:48:34.475918+00
1683,reach summit,en,2026-01-09 17:48:34.826187+00
1684,bow and arrow,en,2026-01-09 17:48:35.366565+00
1685,hit target,en,2026-01-09 17:48:35.687068+00
1686,ancient sport,en,2026-01-09 17:48:36.103334+00
1687,precision needed,en,2026-01-09 17:48:36.450035+00
1688,bullseye,en,2026-01-09 17:48:36.796209+00
1689,indoor sport,en,2026-01-09 17:48:37.298842+00
1690,roll ball,en,2026-01-09 17:48:37.597392+00
1691,knock pins,en,2026-01-09 17:48:37.917438+00
1692,strike or spare,en,2026-01-09 17:48:38.233371+00
1693,lanes,en,2026-01-09 17:48:38.561708+00
1694,catch fish,en,2026-01-09 17:48:39.078063+00
1695,rod and reel,en,2026-01-09 17:48:39.405124+00
1696,bait used,en,2026-01-09 17:48:39.713098+00
1697,patience needed,en,2026-01-09 17:48:40.080574+00
1698,relaxing activity,en,2026-01-09 17:48:40.422399+00
1699,catch animals,en,2026-01-09 17:48:40.909265+00
1700,outdoor activity,en,2026-01-09 17:48:41.248284+00
1701,requires skill,en,2026-01-09 17:48:41.580624+00
1702,uses weapons,en,2026-01-09 17:48:41.956132+00
1704,water activity,en,2026-01-09 17:48:42.939935+00
1705,use wind,en,2026-01-09 17:48:43.286511+00
1706,on boat,en,2026-01-09 17:48:43.624298+00
1707,nautical skill,en,2026-01-09 17:48:44.014589+00
1708,peaceful journey,en,2026-01-09 17:48:44.353199+00
1710,underwater,en,2026-01-09 17:48:45.320549+00
1711,scuba gear,en,2026-01-09 17:48:45.629828+00
1712,explore reefs,en,2026-01-09 17:48:45.942789+00
1713,breathe from tank,en,2026-01-09 17:48:46.243653+00
1714,running slowly,en,2026-01-09 17:48:46.712309+00
1715,exercise,en,2026-01-09 17:48:47.065849+00
1716,steady pace,en,2026-01-09 17:48:47.380087+00
1719,walking trails,en,2026-01-09 17:48:48.853461+00
1720,nature activity,en,2026-01-09 17:48:49.172131+00
1721,mountains or forests,en,2026-01-09 17:48:49.496144+00
1722,backpack carried,en,2026-01-09 17:48:50.473559+00
1724,outdoor sleeping,en,2026-01-09 17:48:51.544399+00
1725,in tent,en,2026-01-09 17:48:51.902654+00
1726,campfire,en,2026-01-09 17:48:52.250874+00
1727,nature experience,en,2026-01-09 17:48:52.645927+00
1728,under stars,en,2026-01-09 17:48:52.958559+00
1730,paddle boat,en,2026-01-09 17:48:53.895735+00
1731,rivers or lakes,en,2026-01-09 17:48:54.250117+00
1732,seated in boat,en,2026-01-09 17:48:54.587063+00
1734,exercise practice,en,2026-01-09 17:48:55.601924+00
1735,flexibility,en,2026-01-09 17:48:55.950966+00
1736,poses held,en,2026-01-09 17:48:56.304081+00
1737,breathing focused,en,2026-01-09 17:48:56.662863+00
1738,peaceful,en,2026-01-09 17:48:57.043215+00
1739,exercise class,en,2026-01-09 17:48:57.565171+00
1740,rhythmic moves,en,2026-01-09 17:48:57.9141+00
1741,cardio workout,en,2026-01-09 17:48:58.224029+00
1742,music played,en,2026-01-09 17:48:58.587925+00
1743,group activity,en,2026-01-09 17:48:58.955698+00
1744,combat training,en,2026-01-09 17:48:59.509171+00
1745,self defense,en,2026-01-09 17:48:59.883758+00
1746,discipline,en,2026-01-09 17:49:00.229276+00
1747,belt ranks,en,2026-01-09 17:49:00.579602+00
1749,rhythmic movement,en,2026-01-09 17:49:01.611989+00
1750,to music,en,2026-01-09 17:49:01.942578+00
1751,artistic expression,en,2026-01-09 17:49:02.253677+00
1753,solo or partner,en,2026-01-09 17:49:03.115747+00
1754,speed competition,en,2026-01-09 17:49:03.618455+00
1755,cars or people,en,2026-01-09 17:49:03.990756+00
1756,fastest wins,en,2026-01-09 17:49:04.307823+00
1757,track or road,en,2026-01-09 17:49:04.621877+00
1758,exciting,en,2026-01-09 17:49:04.931968+00
1759,leap high,en,2026-01-09 17:49:05.549114+00
1760,athletic move,en,2026-01-09 17:49:05.885922+00
1761,over obstacles,en,2026-01-09 17:49:06.200012+00
1762,long or high,en,2026-01-09 17:49:06.518407+00
1763,explosive power,en,2026-01-09 17:49:06.890208+00
1764,propel object,en,2026-01-09 17:49:07.421187+00
1765,athletic skill,en,2026-01-09 17:49:07.773344+00
1766,javelin or discus,en,2026-01-09 17:49:08.089259+00
1767,distance or accuracy,en,2026-01-09 17:49:08.402604+00
1769,electronic device,en,2026-01-09 17:49:09.423992+00
1770,has screen,en,2026-01-09 17:49:09.764819+00
1771,processes data,en,2026-01-09 17:49:10.081634+00
1772,keyboard and mouse,en,2026-01-09 17:49:10.444471+00
1773,runs programs,en,2026-01-09 17:49:10.808737+00
1774,communication device,en,2026-01-09 17:49:11.48758+00
1776,has numbers,en,2026-01-09 17:49:12.382367+00
1777,mobile or landline,en,2026-01-09 17:49:12.719896+00
1778,connects people,en,2026-01-09 17:49:13.042993+00
1779,screen device,en,2026-01-09 17:49:13.542694+00
1780,shows programs,en,2026-01-09 17:49:13.919848+00
1781,entertainment,en,2026-01-09 17:49:14.267473+00
1782,channels,en,2026-01-09 17:49:14.631171+00
1783,remote control,en,2026-01-09 17:49:14.979769+00
1784,takes photos,en,2026-01-09 17:49:15.495186+00
1785,captures images,en,2026-01-09 17:49:15.868907+00
1786,has lens,en,2026-01-09 17:49:16.186441+00
1787,digital or film,en,2026-01-09 17:49:16.724791+00
1788,preserves memories,en,2026-01-09 17:49:17.083349+00
1789,kitchen appliance,en,2026-01-09 17:49:17.594763+00
1790,heats food,en,2026-01-09 17:49:17.912069+00
1791,uses waves,en,2026-01-09 17:49:18.559319+00
1792,quick cooking,en,2026-01-09 17:49:18.904589+00
1793,has timer,en,2026-01-09 17:49:19.242806+00
1794,cleans floors,en,2026-01-09 17:49:19.739317+00
1795,sucks dirt,en,2026-01-09 17:49:20.043779+00
1796,household tool,en,2026-01-09 17:49:20.397271+00
1797,has motor,en,2026-01-09 17:49:20.712071+00
1798,removes dust,en,2026-01-09 17:49:21.010385+00
1799,makes toast,en,2026-01-09 17:49:21.512463+00
1800,heats bread,en,2026-01-09 17:49:21.867708+00
1802,pops up,en,2026-01-09 17:49:22.629364+00
1803,browning levels,en,2026-01-09 17:49:22.966736+00
1804,mixes food,en,2026-01-09 17:49:23.479321+00
1806,makes smoothies,en,2026-01-09 17:49:24.255162+00
1807,sharp blades,en,2026-01-09 17:49:24.570991+00
1808,liquefies,en,2026-01-09 17:49:24.919311+00
1809,removes wrinkles,en,2026-01-09 17:49:25.367598+00
1810,heats up,en,2026-01-09 17:49:25.691837+00
1811,presses clothes,en,2026-01-09 17:49:26.025261+00
1812,steam option,en,2026-01-09 17:49:26.354445+00
1814,warms room,en,2026-01-09 17:49:27.405308+00
1816,uses electricity,en,2026-01-09 17:49:28.242609+00
1817,temperature control,en,2026-01-09 17:49:28.578322+00
1818,household appliance,en,2026-01-09 17:49:28.892292+00
1819,plays sound,en,2026-01-09 17:49:29.420599+00
1820,for music,en,2026-01-09 17:49:29.783757+00
1821,amplifies audio,en,2026-01-09 17:49:30.175387+00
1822,wireless option,en,2026-01-09 17:49:30.487198+00
1823,has volume,en,2026-01-09 17:49:30.799371+00
1824,makes copies,en,2026-01-09 17:49:31.281861+00
1825,uses paper,en,2026-01-09 17:49:31.581938+00
1826,ink cartridges,en,2026-01-09 17:49:31.914021+00
1827,office device,en,2026-01-09 17:49:32.288262+00
1828,prints documents,en,2026-01-09 17:49:32.639756+00
1829,digitizes documents,en,2026-01-09 17:49:33.115204+00
1830,creates images,en,2026-01-09 17:49:33.532373+00
1832,copies to computer,en,2026-01-09 17:49:34.356884+00
1834,internet device,en,2026-01-09 17:49:35.408853+00
1835,connects wifi,en,2026-01-09 17:49:35.739289+00
1836,network hub,en,2026-01-09 17:49:36.072985+00
1837,has lights,en,2026-01-09 17:49:36.456656+00
1838,wireless signal,en,2026-01-09 17:49:36.797205+00
1839,portable computer,en,2026-01-09 17:49:37.257272+00
1840,touchscreen,en,2026-01-09 17:49:37.586791+00
1841,smaller than laptop,en,2026-01-09 17:49:37.910717+00
1842,apps available,en,2026-01-09 17:49:38.233736+00
1843,entertainment device,en,2026-01-09 17:49:38.571499+00
1844,tells time,en,2026-01-09 17:49:39.04834+00
1845,worn on wrist,en,2026-01-09 17:49:39.448406+00
1846,has hands or digital,en,2026-01-09 17:49:39.807456+00
1849,shows direction,en,2026-01-09 17:49:41.158498+00
1850,has needle,en,2026-01-09 17:49:41.524211+00
1851,points north,en,2026-01-09 17:49:41.832457+00
1852,navigation tool,en,2026-01-09 17:49:42.150182+00
1853,magnetic,en,2026-01-09 17:49:42.468125+00
1854,magnifies tiny,en,2026-01-09 17:49:43.022111+00
1855,laboratory tool,en,2026-01-09 17:49:43.36151+00
1856,views cells,en,2026-01-09 17:49:43.730219+00
1857,scientific research,en,2026-01-09 17:49:44.056746+00
1859,views far objects,en,2026-01-09 17:49:45.023533+00
1860,astronomy tool,en,2026-01-09 17:49:45.369029+00
1861,magnifies space,en,2026-01-09 17:49:45.682227+00
1863,scientific,en,2026-01-09 17:49:46.557963+00
1864,portable light,en,2026-01-09 17:49:47.099028+00
1865,uses batteries,en,2026-01-09 17:49:47.480215+00
1866,for darkness,en,2026-01-09 17:49:47.792384+00
1867,has beam,en,2026-01-09 17:49:48.154045+00
1869,stores energy,en,2026-01-09 17:49:49.111873+00
1870,powers devices,en,2026-01-09 17:49:49.447926+00
1871,different sizes,en,2026-01-09 17:49:49.784155+00
1872,positive and negative,en,2026-01-09 17:49:50.167628+00
1873,rechargeable option,en,2026-01-09 17:49:50.45862+00
1874,restores power,en,2026-01-09 17:49:51.029224+00
1875,plugs in,en,2026-01-09 17:49:51.374738+00
1876,for devices,en,2026-01-09 17:49:51.685045+00
1877,has cable,en,2026-01-09 17:49:51.981179+00
1879,controls devices,en,2026-01-09 17:49:52.972076+00
1880,from distance,en,2026-01-09 17:49:53.262572+00
1881,has buttons,en,2026-01-09 17:49:53.546451+00
1883,infrared signal,en,2026-01-09 17:49:54.337474+00
1884,input device,en,2026-01-09 17:49:54.786561+00
1885,has keys,en,2026-01-09 17:49:55.126465+00
1886,for typing,en,2026-01-09 17:49:55.474573+00
1887,letters and numbers,en,2026-01-09 17:49:55.805683+00
1888,computer peripheral,en,2026-01-09 17:49:56.100636+00
1890,controls cursor,en,2026-01-09 17:49:57.142396+00
1892,moves on surface,en,2026-01-09 17:49:57.960891+00
1894,display screen,en,2026-01-09 17:49:58.95422+00
1895,shows images,en,2026-01-09 17:49:59.246744+00
1896,for computer,en,2026-01-09 17:49:59.571613+00
1898,desktop component,en,2026-01-09 17:50:00.400292+00
1899,displays images,en,2026-01-09 17:50:00.897143+00
1900,on wall or screen,en,2026-01-09 17:50:01.19901+00
1901,for presentations,en,2026-01-09 17:50:01.518342+00
1902,uses light,en,2026-01-09 17:50:01.808309+00
1903,enlarged view,en,2026-01-09 17:50:02.107071+00
1904,captures sound,en,2026-01-09 17:50:02.564759+00
1905,for recording,en,2026-01-09 17:50:02.862275+00
1906,amplifies voice,en,2026-01-09 17:50:03.22041+00
1908,used in studio,en,2026-01-09 17:50:04.034884+00
1909,flying vehicle,en,2026-01-09 17:50:04.515722+00
1911,carries passengers,en,2026-01-09 17:50:05.26018+00
1912,very fast,en,2026-01-09 17:50:05.597945+00
1913,airport departure,en,2026-01-09 17:50:05.887969+00
1914,rail vehicle,en,2026-01-09 17:50:06.417906+00
1915,many cars,en,2026-01-09 17:50:06.781336+00
1916,on tracks,en,2026-01-09 17:50:07.115353+00
1917,passenger or freight,en,2026-01-09 17:50:07.413652+00
1918,station stops,en,2026-01-09 17:50:07.757542+00
1919,underground train,en,2026-01-09 17:50:08.261289+00
1920,city transport,en,2026-01-09 17:50:08.611401+00
1921,electric powered,en,2026-01-09 17:50:08.943366+00
1922,frequent stops,en,2026-01-09 17:50:09.276811+00
1923,urban transit,en,2026-01-09 17:50:09.589103+00
1924,two wheel vehicle,en,2026-01-09 17:50:10.053833+00
1925,pedal powered,en,2026-01-09 17:50:10.403402+00
1926,has handlebars,en,2026-01-09 17:50:10.775704+00
1927,eco friendly,en,2026-01-09 17:50:11.141075+00
1928,for exercise,en,2026-01-09 17:50:11.432613+00
1929,small vehicle,en,2026-01-09 17:50:11.963735+00
1930,two wheels,en,2026-01-09 17:50:12.259811+00
1931,kick or motor,en,2026-01-09 17:50:12.585645+00
1932,urban transport,en,2026-01-09 17:50:12.896486+00
1933,standing ride,en,2026-01-09 17:50:13.236898+00
1934,large vessel,en,2026-01-09 17:50:13.762712+00
1935,travels ocean,en,2026-01-09 17:50:14.095998+00
1936,carries cargo,en,2026-01-09 17:50:14.429868+00
1937,has crew,en,2026-01-09 17:50:14.720019+00
1938,massive size,en,2026-01-09 17:50:15.097909+00
1939,underwater vessel,en,2026-01-09 17:50:15.599585+00
1940,military or research,en,2026-01-09 17:50:15.948286+00
1941,periscope,en,2026-01-09 17:50:16.338015+00
1942,can dive deep,en,2026-01-09 17:50:16.639279+00
1943,sealed hull,en,2026-01-09 17:50:16.99546+00
1944,luxury boat,en,2026-01-09 17:50:17.504409+00
1945,for leisure,en,2026-01-09 17:50:17.797767+00
1946,often sailed,en,2026-01-09 17:50:18.12812+00
1947,wealthy owners,en,2026-01-09 17:50:18.480469+00
1948,ocean cruising,en,2026-01-09 17:50:18.790101+00
1949,small boat,en,2026-01-09 17:50:19.273592+00
1950,paddle powered,en,2026-01-09 17:50:19.568022+00
1951,narrow design,en,2026-01-09 17:50:19.935587+00
1952,for rivers,en,2026-01-09 17:50:20.233108+00
1953,seated inside,en,2026-01-09 17:50:20.534832+00
1954,transport boat,en,2026-01-09 17:50:21.077916+00
1955,carries vehicles,en,2026-01-09 17:50:21.474024+00
1956,short trips,en,2026-01-09 17:50:21.800622+00
1957,scheduled service,en,2026-01-09 17:50:22.157077+00
1958,between shores,en,2026-01-09 17:50:22.457963+00
1959,paid transport,en,2026-01-09 17:50:22.923567+00
1960,city service,en,2026-01-09 17:50:23.234982+00
1961,driver included,en,2026-01-09 17:50:23.529829+00
1962,hailed on street,en,2026-01-09 17:50:23.917608+00
1963,metered fare,en,2026-01-09 17:50:24.253217+00
1964,large vehicle,en,2026-01-09 17:50:25.328772+00
1966,heavy duty,en,2026-01-09 17:50:26.244529+00
1967,commercial use,en,2026-01-09 17:50:26.53735+00
1968,multiple wheels,en,2026-01-09 17:50:27.01531+00
1969,farm vehicle,en,2026-01-09 17:50:27.528808+00
1970,pulls equipment,en,2026-01-09 17:50:27.88576+00
1971,large wheels,en,2026-01-09 17:50:28.235019+00
1973,agricultural,en,2026-01-09 17:50:28.997467+00
1974,lifting machine,en,2026-01-09 17:50:29.528629+00
1975,construction site,en,2026-01-09 17:50:29.906332+00
1976,very tall,en,2026-01-09 17:50:30.237478+00
1977,moves heavy loads,en,2026-01-09 17:50:30.612001+00
1978,has hook,en,2026-01-09 17:50:31.031269+00
1979,warehouse vehicle,en,2026-01-09 17:50:31.546273+00
1980,lifts pallets,en,2026-01-09 17:50:31.886748+00
1981,has forks,en,2026-01-09 17:50:32.192842+00
1982,small turning,en,2026-01-09 17:50:32.498113+00
1983,indoor use,en,2026-01-09 17:50:32.807652+00
1984,liquid carrier,en,2026-01-09 17:50:33.363615+00
1985,large truck,en,2026-01-09 17:50:33.66082+00
1986,fuel or water,en,2026-01-09 17:50:33.958036+00
1987,cylindrical tank,en,2026-01-09 17:50:34.254734+00
1988,heavy vehicle,en,2026-01-09 17:50:34.576616+00
1989,towed behind,en,2026-01-09 17:50:35.013743+00
1991,no engine,en,2026-01-09 17:50:35.91646+00
1992,hitched to truck,en,2026-01-09 17:50:36.496036+00
1994,mobile home,en,2026-01-09 17:50:37.431638+00
1996,for camping,en,2026-01-09 17:50:38.492007+00
1997,sleeps inside,en,2026-01-09 17:50:38.840081+00
1998,vacation travel,en,2026-01-09 17:50:39.219461+00
2000,open design,en,2026-01-09 17:50:40.23025+00
2001,beach or dune,en,2026-01-09 17:50:40.530696+00
2002,recreational,en,2026-01-09 17:50:40.923009+00
2003,off road,en,2026-01-09 17:50:41.33012+00
2004,wheeled container,en,2026-01-09 17:50:41.924275+00
2005,pushed or pulled,en,2026-01-09 17:50:42.237212+00
2006,shopping or garden,en,2026-01-09 17:50:42.65574+00
2007,carries items,en,2026-01-09 17:50:43.22233+00
2009,four wheel vehicle,en,2026-01-09 17:50:44.222876+00
2010,horse drawn,en,2026-01-09 17:50:44.578813+00
2011,carries goods,en,2026-01-09 17:50:44.894888+00
2012,historical,en,2026-01-09 17:50:45.314107+00
2013,wooden construction,en,2026-01-09 17:50:45.71553+00
2014,snow vehicle,en,2026-01-09 17:50:46.304542+00
2015,pulled by animals,en,2026-01-09 17:50:46.671451+00
2016,winter transport,en,2026-01-09 17:50:47.002584+00
2017,runners not wheels,en,2026-01-09 17:50:47.361317+00
2018,christmas theme,en,2026-01-09 17:50:47.807266+00
2019,space vehicle,en,2026-01-09 17:50:48.271644+00
2021,launches upward,en,2026-01-09 17:50:49.136539+00
2022,goes to space,en,2026-01-09 17:50:49.489938+00
2023,powerful engines,en,2026-01-09 17:50:49.799787+00
2024,orbits earth,en,2026-01-09 17:50:50.314526+00
2025,space technology,en,2026-01-09 17:50:50.657348+00
2026,sends signals,en,2026-01-09 17:50:50.992265+00
2027,communication,en,2026-01-09 17:50:51.32658+00
2028,weather monitoring,en,2026-01-09 17:50:51.64059+00
2030,reusable,en,2026-01-09 17:50:52.639074+00
2031,launches vertically,en,2026-01-09 17:50:52.970907+00
2032,returns to earth,en,2026-01-09 17:50:53.320742+00
2033,nasa program,en,2026-01-09 17:50:53.652653+00
2034,removes marks,en,2026-01-09 17:50:54.138281+00
2035,rubber material,en,2026-01-09 17:50:54.499918+00
2036,for pencil,en,2026-01-09 17:50:54.816913+00
2037,school supply,en,2026-01-09 17:50:55.504501+00
2038,cleans paper,en,2026-01-09 17:50:55.826972+00
2040,graphite core,en,2026-01-09 17:50:56.754864+00
2041,wooden body,en,2026-01-09 17:50:57.118556+00
2042,can be sharpened,en,2026-01-09 17:50:57.447917+00
2044,coloring tool,en,2026-01-09 17:50:58.491565+00
2045,wax based,en,2026-01-09 17:50:58.837459+00
2047,for children,en,2026-01-09 17:50:59.623287+00
2048,art supply,en,2026-01-09 17:50:59.9509+00
2050,felt tip,en,2026-01-09 17:51:00.898767+00
2051,permanent or washable,en,2026-01-09 17:51:01.300812+00
2052,bright ink,en,2026-01-09 17:51:01.752384+00
2054,holds paint,en,2026-01-09 17:51:02.785059+00
2055,mixing surface,en,2026-01-09 17:51:03.114035+00
2056,artist tool,en,2026-01-09 17:51:03.447769+00
2057,thumb hole,en,2026-01-09 17:51:03.758856+00
2058,flat board,en,2026-01-09 17:51:04.084394+00
2059,painting surface,en,2026-01-09 17:51:04.582552+00
2060,fabric stretched,en,2026-01-09 17:51:04.903386+00
2061,artist medium,en,2026-01-09 17:51:05.208468+00
2063,wooden frame,en,2026-01-09 17:51:06.102059+00
2064,holds canvas,en,2026-01-09 17:51:06.592389+00
2065,artist equipment,en,2026-01-09 17:51:06.920466+00
2066,adjustable stand,en,2026-01-09 17:51:07.305533+00
2067,wooden legs,en,2026-01-09 17:51:07.609053+00
2068,tilts,en,2026-01-09 17:51:07.920638+00
2069,ceramic art,en,2026-01-09 17:51:08.429878+00
2070,shaped clay,en,2026-01-09 17:51:08.740065+00
2071,fired in kiln,en,2026-01-09 17:51:09.053457+00
2072,functional or decorative,en,2026-01-09 17:51:09.353021+00
2073,ancient craft,en,2026-01-09 17:51:09.669558+00
2074,decorative items,en,2026-01-09 17:51:10.217456+00
2075,worn on body,en,2026-01-09 17:51:10.560211+00
2076,precious materials,en,2026-01-09 17:51:10.87378+00
2077,rings or necklaces,en,2026-01-09 17:51:11.277093+00
2079,worn around neck,en,2026-01-09 17:51:12.313828+00
2080,chain with pendant,en,2026-01-09 17:51:12.668604+00
2085,circular band,en,2026-01-09 17:51:15.108591+00
2089,worn on ears,en,2026-01-09 17:51:17.048537+00
2091,pierced or clip,en,2026-01-09 17:51:17.848208+00
2094,worn on finger,en,2026-01-09 17:51:19.288599+00
2096,wedding or fashion,en,2026-01-09 17:51:20.067246+00
2099,decorative pin,en,2026-01-09 17:51:21.655882+00
2100,attached to clothing,en,2026-01-09 17:51:21.971066+00
2103,vintage style,en,2026-01-09 17:51:23.299395+00
2104,hangs from chain,en,2026-01-09 17:51:23.818159+00
2105,decorative piece,en,2026-01-09 17:51:24.442112+00
2106,worn on chest,en,2026-01-09 17:51:24.77875+00
2108,jewelry item,en,2026-01-09 17:51:25.650286+00
2109,head ornament,en,2026-01-09 17:51:26.175197+00
2110,for royalty,en,2026-01-09 17:51:26.652456+00
2111,precious metals,en,2026-01-09 17:51:27.004625+00
2112,jeweled decoration,en,2026-01-09 17:51:27.350604+00
2113,symbol of power,en,2026-01-09 17:51:27.675142+00
2115,for formal events,en,2026-01-09 17:51:28.674262+00
2116,delicate design,en,2026-01-09 17:51:29.020962+00
2117,jeweled,en,2026-01-09 17:51:29.355916+00
2118,worn by women,en,2026-01-09 17:51:29.695389+00
2119,award item,en,2026-01-09 17:51:30.233312+00
2121,for achievement,en,2026-01-09 17:51:31.019738+00
2122,metal disc,en,2026-01-09 17:51:31.390042+00
2123,on ribbon,en,2026-01-09 17:51:31.719555+00
2124,achievement award,en,2026-01-09 17:51:32.213042+00
2125,displayed proudly,en,2026-01-09 17:51:32.531759+00
2126,competitions,en,2026-01-09 17:51:32.904188+00
2129,educational certificate,en,2026-01-09 17:51:34.594633+00
2130,completion proof,en,2026-01-09 17:51:35.319252+00
2131,graduation,en,2026-01-09 17:51:35.70127+00
2132,official document,en,2026-01-09 17:51:36.004967+00
2133,career milestone,en,2026-01-09 17:51:36.315155+00
2134,official permission,en,2026-01-09 17:51:36.823267+00
2135,government issued,en,2026-01-09 17:51:37.174392+00
2136,driving or professional,en,2026-01-09 17:51:37.49164+00
2137,must carry,en,2026-01-09 17:51:37.825518+00
2138,renewal required,en,2026-01-09 17:51:38.174469+00
2139,travel document,en,2026-01-09 17:51:38.693182+00
2140,identity proof,en,2026-01-09 17:51:39.098448+00
2141,international,en,2026-01-09 17:51:39.460842+00
2142,photo included,en,2026-01-09 17:51:39.800265+00
2144,entry permission,en,2026-01-09 17:51:40.778809+00
2145,event or travel,en,2026-01-09 17:51:41.249589+00
2146,must be purchased,en,2026-01-09 17:51:41.574309+00
2147,shows seat,en,2026-01-09 17:51:41.895131+00
2148,torn at entry,en,2026-01-09 17:51:42.221998+00
2149,proof of purchase,en,2026-01-09 17:51:42.709021+00
2150,shows price,en,2026-01-09 17:51:43.043602+00
2151,paper document,en,2026-01-09 17:51:43.392062+00
2152,from register,en,2026-01-09 17:51:43.701715+00
2153,saved for returns,en,2026-01-09 17:51:44.06933+00
2154,bill for payment,en,2026-01-09 17:51:44.576995+00
2155,business document,en,2026-01-09 17:51:44.935547+00
2156,lists items,en,2026-01-09 17:51:45.294847+00
2157,amount due,en,2026-01-09 17:51:45.63253+00
2158,payment request,en,2026-01-09 17:51:45.98401+00
2159,legal agreement,en,2026-01-09 17:51:46.446787+00
2160,signed document,en,2026-01-09 17:51:46.81537+00
2161,binding terms,en,2026-01-09 17:51:47.12931+00
2162,formal arrangement,en,2026-01-09 17:51:47.555858+00
2163,parties involved,en,2026-01-09 17:51:47.922631+00
2164,written message,en,2026-01-09 17:51:48.408281+00
2165,sent in envelope,en,2026-01-09 17:51:48.744454+00
2166,formal or personal,en,2026-01-09 17:51:49.12609+00
2167,postal delivery,en,2026-01-09 17:51:49.449955+00
2169,greeting card,en,2026-01-09 17:51:50.498096+00
2170,has picture,en,2026-01-09 17:51:50.840693+00
2171,sent by mail,en,2026-01-09 17:51:51.167646+00
2172,vacation souvenir,en,2026-01-09 17:51:51.507166+00
2173,brief message,en,2026-01-09 17:51:51.862079+00
2174,holds mail,en,2026-01-09 17:51:52.395727+00
2175,paper folder,en,2026-01-09 17:51:52.698184+00
2176,sealed closed,en,2026-01-09 17:51:53.00761+00
2177,address written,en,2026-01-09 17:51:53.420951+00
2178,postal item,en,2026-01-09 17:51:53.78456+00
2179,wrapped parcel,en,2026-01-09 17:51:54.308316+00
2180,shipped item,en,2026-01-09 17:51:54.668679+00
2181,contains goods,en,2026-01-09 17:51:55.067458+00
2182,tracked delivery,en,2026-01-09 17:51:55.439035+00
2183,opened carefully,en,2026-01-09 17:51:55.780285+00
2184,travel luggage,en,2026-01-09 17:51:56.293369+00
2185,holds clothes,en,2026-01-09 17:51:56.600186+00
2187,wheels option,en,2026-01-09 17:51:57.401355+00
2188,airport check,en,2026-01-09 17:51:57.730106+00
2189,bag for back,en,2026-01-09 17:51:58.255847+00
2190,shoulder straps,en,2026-01-09 17:51:58.602432+00
2191,for school or hiking,en,2026-01-09 17:51:58.926341+00
2192,multiple pockets,en,2026-01-09 17:51:59.2264+00
2193,hands free,en,2026-01-09 17:51:59.543576+00
2194,small bag,en,2026-01-09 17:52:00.063755+00
2195,holds essentials,en,2026-01-09 17:52:00.412643+00
2196,shoulder strap,en,2026-01-09 17:52:00.751585+00
2197,for women,en,2026-01-09 17:52:01.103921+00
2199,holds money,en,2026-01-09 17:52:02.138548+00
2200,pocket size,en,2026-01-09 17:52:02.514876+00
2201,cards and cash,en,2026-01-09 17:52:02.843803+00
2202,folding design,en,2026-01-09 17:52:03.158266+00
2203,leather common,en,2026-01-09 17:52:03.498796+00
2204,business bag,en,2026-01-09 17:52:03.990743+00
2205,holds documents,en,2026-01-09 17:52:04.332967+00
2206,professional,en,2026-01-09 17:52:04.64743+00
2207,hard shell,en,2026-01-09 17:52:04.962481+00
2209,travel bags,en,2026-01-09 17:52:05.987639+00
2212,wheels and handle,en,2026-01-09 17:52:07.244109+00
2213,holds belongings,en,2026-01-09 17:52:07.600037+00
2214,large container,en,2026-01-09 17:52:08.069815+00
2215,cylindrical shape,en,2026-01-09 17:52:08.381065+00
2216,stores liquids,en,2026-01-09 17:52:08.830881+00
2217,wooden or metal,en,2026-01-09 17:52:09.188509+00
2218,rolls sideways,en,2026-01-09 17:52:09.713568+00
2220,has spout,en,2026-01-09 17:52:10.687734+00
2221,whistles when ready,en,2026-01-09 17:52:11.029341+00
2223,tea preparation,en,2026-01-09 17:52:11.86079+00
2224,cooking tool,en,2026-01-09 17:52:12.324453+00
2225,flat blade,en,2026-01-09 17:52:12.647337+00
2226,flips food,en,2026-01-09 17:52:12.991321+00
2228,heat resistant,en,2026-01-09 17:52:13.862224+00
2229,serving spoon,en,2026-01-09 17:52:14.378701+00
2231,deep bowl,en,2026-01-09 17:52:15.16152+00
2232,serves soup,en,2026-01-09 17:52:15.470198+00
2233,kitchen tool,en,2026-01-09 17:52:15.784668+00
2234,mixing tool,en,2026-01-09 17:52:16.352602+00
2235,wire loops,en,2026-01-09 17:52:16.663183+00
2236,beats eggs,en,2026-01-09 17:52:16.960222+00
2237,incorporates air,en,2026-01-09 17:52:17.287198+00
2238,kitchen utensil,en,2026-01-09 17:52:17.599348+00
2239,shredding tool,en,2026-01-09 17:52:18.092121+00
2240,rough surface,en,2026-01-09 17:52:18.402683+00
2241,grates cheese,en,2026-01-09 17:52:18.709291+00
2244,removes skin,en,2026-01-09 17:52:20.183116+00
2246,vegetables,en,2026-01-09 17:52:20.966928+00
2249,drains liquid,en,2026-01-09 17:52:22.51934+00
2250,has holes,en,2026-01-09 17:52:22.871361+00
2251,catches solids,en,2026-01-09 17:52:23.172254+00
2252,mesh or metal,en,2026-01-09 17:52:23.52818+00
2254,drains pasta,en,2026-01-09 17:52:24.550099+00
2256,bowl shape,en,2026-01-09 17:52:25.353112+00
2258,handles,en,2026-01-09 17:52:26.134303+00
2259,food preparation,en,2026-01-09 17:52:26.591468+00
2261,wood or plastic,en,2026-01-09 17:52:27.502842+00
2262,protects counter,en,2026-01-09 17:52:27.864452+00
2264,flattens dough,en,2026-01-09 17:52:28.825616+00
2265,cylindrical tool,en,2026-01-09 17:52:29.145165+00
2266,wooden handles,en,2026-01-09 17:52:29.463341+00
2267,baking tool,en,2026-01-09 17:52:29.786852+00
2269,counts down,en,2026-01-09 17:52:30.832366+00
2270,cooking aid,en,2026-01-09 17:52:31.204783+00
2271,beeps alert,en,2026-01-09 17:52:31.605545+00
2272,sets duration,en,2026-01-09 17:52:31.952181+00
2273,kitchen gadget,en,2026-01-09 17:52:32.28729+00
2274,protective garment,en,2026-01-09 17:52:32.814344+00
2275,worn in kitchen,en,2026-01-09 17:52:33.126873+00
2276,covers clothes,en,2026-01-09 17:52:33.480883+00
2277,tied around waist,en,2026-01-09 17:52:33.88331+00
2279,wipes mouth,en,2026-01-09 17:52:34.84698+00
2281,paper or cloth,en,2026-01-09 17:52:35.673744+00
2282,folded design,en,2026-01-09 17:52:36.054008+00
2283,at meals,en,2026-01-09 17:52:36.412773+00
2284,under plate,en,2026-01-09 17:52:36.90964+00
2285,protects table,en,2026-01-09 17:52:37.294408+00
2286,easy to clean,en,2026-01-09 17:52:37.603153+00
2288,individual setting,en,2026-01-09 17:52:38.468128+00
2291,for jazz music,en,2026-01-09 17:52:39.990587+00
2292,made of brass,en,2026-01-09 17:52:40.310825+00
2293,invented by adolphe sax,en,2026-01-09 17:52:40.666339+00
2295,has bellows,en,2026-01-09 17:52:41.779833+00
2296,for folk music,en,2026-01-09 17:52:42.185475+00
2297,portable,en,2026-01-09 17:52:42.566749+00
2298,squeezebox,en,2026-01-09 17:52:42.87915+00
2299,red berry,en,2026-01-09 17:52:43.346874+00
2300,seeds outside,en,2026-01-09 17:52:43.720734+00
2302,grows low,en,2026-01-09 17:52:44.534111+00
2303,popular dessert,en,2026-01-09 17:52:44.872001+00
2305,green outside red inside,en,2026-01-09 17:52:45.827668+00
2306,very juicy,en,2026-01-09 17:52:46.202717+00
2310,spiky outside,en,2026-01-09 17:52:48.352617+00
2311,sweet tangy,en,2026-01-09 17:52:48.668261+00
2312,yellow flesh,en,2026-01-09 17:52:49.031338+00
2313,crown on top,en,2026-01-09 17:52:49.340561+00
2314,eating utensils,en,2026-01-09 17:52:49.816301+00
2315,two sticks,en,2026-01-09 17:52:50.163706+00
2316,asian culture,en,2026-01-09 17:52:50.521613+00
2317,wooden or plastic,en,2026-01-09 17:52:50.948601+00
2319,keeps food cold,en,2026-01-09 17:52:52.009825+00
2321,has shelves,en,2026-01-09 17:52:53.148831+00
2322,freezer section,en,2026-01-09 17:52:53.683801+00
2323,preserves freshness,en,2026-01-09 17:52:54.291806+00
2324,cleans clothes,en,2026-01-09 17:52:55.277574+00
2325,uses water,en,2026-01-09 17:52:55.970054+00
2326,spin cycle,en,2026-01-09 17:52:56.605006+00
2327,detergent needed,en,2026-01-09 17:52:57.069133+00
2329,dries clothes,en,2026-01-09 17:52:58.683856+00
2330,uses heat,en,2026-01-09 17:52:59.025217+00
2331,after washing,en,2026-01-09 17:52:59.351349+00
2332,tumbles,en,2026-01-09 17:52:59.695884+00
2336,art tool,en,2026-01-09 17:53:01.749704+00
2338,held by handle,en,2026-01-09 17:53:02.618569+00
2339,three dimensional art,en,2026-01-09 17:53:03.103489+00
2340,carved or molded,en,2026-01-09 17:53:03.448383+00
2342,artistic form,en,2026-01-09 17:53:04.303385+00
2343,museum display,en,2026-01-09 17:53:04.665919+00
2345,recognition,en,2026-01-09 17:53:05.675233+00
2346,framed display,en,2026-01-09 17:53:06.012651+00
2347,signed and dated,en,2026-01-09 17:53:06.424876+00
2348,accomplishment proof,en,2026-01-09 17:53:06.81583+00
2349,magnifies distance,en,2026-01-09 17:53:07.281946+00
2350,two eyepieces,en,2026-01-09 17:53:07.662303+00
2351,for birdwatching,en,2026-01-09 17:53:07.970846+00
2352,adjustable focus,en,2026-01-09 17:53:08.318598+00
2354,does math,en,2026-01-09 17:53:09.365862+00
2356,shows numbers,en,2026-01-09 17:53:10.234254+00
2357,school tool,en,2026-01-09 17:53:10.622651+00
2358,quick computing,en,2026-01-09 17:53:10.958975+00
2359,measures temperature,en,2026-01-09 17:53:11.507254+00
2361,medical or weather,en,2026-01-09 17:53:12.288248+00
2362,mercury or digital,en,2026-01-09 17:53:12.617949+00
2363,degrees shown,en,2026-01-09 17:53:12.933254+00
2364,measures pressure,en,2026-01-09 17:53:13.42497+00
2365,weather prediction,en,2026-01-09 17:53:13.740184+00
2366,air pressure,en,2026-01-09 17:53:14.077737+00
2367,scientific tool,en,2026-01-09 17:53:14.407646+00
2368,forecast aid,en,2026-01-09 17:53:14.706991+00
2369,measures angles,en,2026-01-09 17:53:15.275513+00
2370,semicircle shape,en,2026-01-09 17:53:15.620634+00
2371,degree markings,en,2026-01-09 17:53:15.982358+00
2372,geometry tool,en,2026-01-09 17:53:16.377522+00
2373,clear plastic,en,2026-01-09 17:53:16.699574+00
2374,medical tool,en,2026-01-09 17:53:17.236743+00
2375,listens to heart,en,2026-01-09 17:53:17.557343+00
2376,worn by doctors,en,2026-01-09 17:53:17.884551+00
2377,ear pieces,en,2026-01-09 17:53:18.188487+00
2378,rubber tubing,en,2026-01-09 17:53:18.546467+00
2380,carries crew,en,2026-01-09 17:53:19.56212+00
2381,explores space,en,2026-01-09 17:53:19.873795+00
2382,futuristic,en,2026-01-09 17:53:20.17573+00
2383,sealed cabin,en,2026-01-09 17:53:20.535137+00
2384,travels to space,en,2026-01-09 17:53:21.027026+00
2385,wears spacesuit,en,2026-01-09 17:53:21.361042+00
2386,works on missions,en,2026-01-09 17:53:21.66262+00
2387,very trained,en,2026-01-09 17:53:21.976341+00
2388,explores universe,en,2026-01-09 17:53:22.280159+00
2390,rotating blades,en,2026-01-09 17:53:23.326047+00
2391,vertical takeoff,en,2026-01-09 17:53:23.653467+00
2392,rescue missions,en,2026-01-09 17:53:23.991207+00
2393,hovers in air,en,2026-01-09 17:53:24.2955+00
2395,motor powered,en,2026-01-09 17:53:25.286444+00
2396,faster than bike,en,2026-01-09 17:53:25.597705+00
2397,requires license,en,2026-01-09 17:53:25.932736+00
2398,wears helmet,en,2026-01-09 17:53:26.286835+00
2399,board with wheels,en,2026-01-09 17:53:26.773894+00
2400,for tricks,en,2026-01-09 17:53:27.080776+00
2402,youth activity,en,2026-01-09 17:53:27.899656+00
2403,at skate parks,en,2026-01-09 17:53:28.249452+00
2404,emergency vehicle,en,2026-01-09 17:53:28.808306+00
2405,transports patients,en,2026-01-09 17:53:29.12747+00
2406,has sirens,en,2026-01-09 17:53:29.430348+00
2407,medical equipment,en,2026-01-09 17:53:29.735104+00
2411,has ladder,en,2026-01-09 17:53:31.762826+00
2412,water hose,en,2026-01-09 17:53:32.103026+00
2413,red color,en,2026-01-09 17:53:32.442176+00
2414,luxury vehicle,en,2026-01-09 17:53:33.018846+00
2415,very long,en,2026-01-09 17:53:33.358132+00
2416,special occasions,en,2026-01-09 17:53:33.698115+00
2417,has driver,en,2026-01-09 17:53:34.0033+00
2418,leather interior,en,2026-01-09 17:53:34.340286+00
2419,construction vehicle,en,2026-01-09 17:53:34.877375+00
2420,moves earth,en,2026-01-09 17:53:35.290336+00
2421,has blade,en,2026-01-09 17:53:35.7935+00
2422,very powerful,en,2026-01-09 17:53:36.403448+00
2423,heavy machinery,en,2026-01-09 17:53:36.747533+00
2424,digging machine,en,2026-01-09 17:53:37.259847+00
2425,has bucket,en,2026-01-09 17:53:37.836612+00
2427,rotating cab,en,2026-01-09 17:53:38.59055+00
2429,clears snow,en,2026-01-09 17:53:39.661761+00
2430,winter vehicle,en,2026-01-09 17:53:40.025264+00
2432,road maintenance,en,2026-01-09 17:53:40.844684+00
2433,municipal,en,2026-01-09 17:53:41.152312+00
2434,waste collector,en,2026-01-09 17:53:41.704253+00
2436,empties bins,en,2026-01-09 17:53:42.583764+00
2437,municipal service,en,2026-01-09 17:53:42.910001+00
2438,regular route,en,2026-01-09 17:53:43.228063+00
2439,cement vehicle,en,2026-01-09 17:53:43.81449+00
2440,rotating drum,en,2026-01-09 17:53:44.162055+00
2442,pours concrete,en,2026-01-09 17:53:44.99751+00
2444,works with wiring,en,2026-01-09 17:53:45.992125+00
2445,installs lights,en,2026-01-09 17:53:46.382837+00
2446,fixes power,en,2026-01-09 17:53:46.741064+00
2447,safety expert,en,2026-01-09 17:53:47.057094+00
2449,animal doctor,en,2026-01-09 17:53:48.050264+00
2450,treats pets,en,2026-01-09 17:53:48.359404+00
2452,loves animals,en,2026-01-09 17:53:49.145482+00
2454,studies mind,en,2026-01-09 17:53:50.082449+00
2456,talks to patients,en,2026-01-09 17:53:51.76097+00
2457,understands behavior,en,2026-01-09 17:53:52.095826+00
2458,gives therapy,en,2026-01-09 17:53:52.406794+00
2459,takes pictures,en,2026-01-09 17:53:52.884729+00
2460,uses camera,en,2026-01-09 17:53:53.20376+00
2461,captures moments,en,2026-01-09 17:53:53.544022+00
2462,artistic eye,en,2026-01-09 17:53:53.8581+00
2463,works with light,en,2026-01-09 17:53:54.160457+00
2464,starts businesses,en,2026-01-09 17:53:54.636964+00
2465,takes risks,en,2026-01-09 17:53:54.945939+00
2466,innovative thinker,en,2026-01-09 17:53:55.242326+00
2467,creates opportunities,en,2026-01-09 17:53:55.65907+00
2468,self employed,en,2026-01-09 17:53:55.987397+00
2469,organizes events,en,2026-01-09 17:53:56.527871+00
2470,manages schedules,en,2026-01-09 17:53:56.857008+00
2471,brings together,en,2026-01-09 17:53:57.196934+00
2472,communicates well,en,2026-01-09 17:53:57.522471+00
2473,plans activities,en,2026-01-09 17:53:57.828846+00
2474,water falling,en,2026-01-09 17:53:58.395754+00
2475,over cliff,en,2026-01-09 17:53:58.697053+00
2476,creates mist,en,2026-01-09 17:53:58.998357+00
2477,powerful flow,en,2026-01-09 17:53:59.336977+00
2478,beautiful sight,en,2026-01-09 17:53:59.81516+00
2479,acrobatic sport,en,2026-01-09 17:54:00.300522+00
2481,bars and beam,en,2026-01-09 17:54:01.2682+00
2482,tumbling,en,2026-01-09 17:54:01.654885+00
2483,judges score,en,2026-01-09 17:54:02.001402+00
2484,audio device,en,2026-01-09 17:54:02.528364+00
2486,private listening,en,2026-01-09 17:54:03.283066+00
2487,has cord or wireless,en,2026-01-09 17:54:03.599478+00
2488,cancels noise,en,2026-01-09 17:54:03.908898+00
2489,covers table,en,2026-01-09 17:54:04.370764+00
2490,protects surface,en,2026-01-09 17:54:04.71697+00
2493,formal dining,en,2026-01-09 17:54:06.170112+00
2494,precise portions,en,2026-01-09 17:54:06.628652+00
2495,nested sizes,en,2026-01-09 17:54:06.955462+00
2496,cooking accuracy,en,2026-01-09 17:54:07.308943+00
2497,marked amounts,en,2026-01-09 17:54:07.649475+00
2499,estrella,es,2026-01-09 17:54:08.696855+00
2500,da luz,es,2026-01-09 17:54:09.052202+00
2501,muy caliente,es,2026-01-09 17:54:09.363371+00
2502,en el cielo,es,2026-01-09 17:54:09.659786+00
2503,hace crecer plantas,es,2026-01-09 17:54:10.052799+00
2504,agua salada,es,2026-01-09 17:54:10.550281+00
2505,cubre la tierra,es,2026-01-09 17:54:10.853498+00
2506,tiene olas,es,2026-01-09 17:54:11.193401+00
2507,peces viven aquí,es,2026-01-09 17:54:11.535244+00
2508,grande y azul,es,2026-01-09 17:54:11.846469+00
2509,alimento,es,2026-01-09 17:54:12.330108+00
2510,hecho de harina,es,2026-01-09 17:54:12.636739+00
2511,horneado,es,2026-01-09 17:54:12.939713+00
2512,se corta en rebanadas,es,2026-01-09 17:54:13.249138+00
2513,para sándwiches,es,2026-01-09 17:54:13.547917+00
2514,parte del cuerpo,es,2026-01-09 17:54:13.998877+00
2515,para ver,es,2026-01-09 17:54:14.318796+00
2516,en la cara,es,2026-01-09 17:54:14.61771+00
2517,tiene iris,es,2026-01-09 17:54:14.996821+00
2518,puede ser de colores,es,2026-01-09 17:54:15.33699+00
2520,para caminar,es,2026-01-09 17:54:16.326992+00
2521,tiene dedos,es,2026-01-09 17:54:16.659744+00
2522,debajo del tobillo,es,2026-01-09 17:54:17.139596+00
2523,usa zapatos,es,2026-01-09 17:54:17.455762+00
2524,iluminación,es,2026-01-09 17:54:17.95006+00
2525,disipa oscuridad,es,2026-01-09 17:54:18.309606+00
2526,de lámpara o sol,es,2026-01-09 17:54:18.675222+00
2527,permite ver,es,2026-01-09 17:54:19.020261+00
2528,puede ser brillante,es,2026-01-09 17:54:19.332039+00
2529,condimento,es,2026-01-09 17:54:19.812063+00
2530,cristales blancos,es,2026-01-09 17:54:20.149463+00
2531,sabor salado,es,2026-01-09 17:54:20.478544+00
2532,del mar,es,2026-01-09 17:54:20.779657+00
2533,para cocinar,es,2026-01-09 17:54:21.169367+00
2534,agua dulce,es,2026-01-09 17:54:21.702617+00
2535,fluye al mar,es,2026-01-09 17:54:22.051705+00
2537,se puede cruzar,es,2026-01-09 17:54:22.906795+00
2538,para transporte,es,2026-01-09 17:54:23.320715+00
2539,metal precioso,es,2026-01-09 17:54:23.772597+00
2540,color dorado,es,2026-01-09 17:54:24.090704+00
2541,muy valioso,es,2026-01-09 17:54:24.407255+00
2542,para joyas,es,2026-01-09 17:54:24.748603+00
2543,símbolo de riqueza,es,2026-01-09 17:54:25.09333+00
2544,gobernante,es,2026-01-09 17:54:25.62946+00
2545,usa corona,es,2026-01-09 17:54:25.926715+00
2546,en palacio,es,2026-01-09 17:54:26.26973+00
2547,manda en reino,es,2026-01-09 17:54:26.626583+00
2548,familia real,es,2026-01-09 17:54:27.011043+00
2549,sonido humano,es,2026-01-09 17:54:27.570665+00
2550,para hablar,es,2026-01-09 17:54:27.978468+00
2551,sale de garganta,es,2026-01-09 17:54:28.366712+00
2552,puede cantar,es,2026-01-09 17:54:28.717236+00
2553,única en cada persona,es,2026-01-09 17:54:29.063387+00
2554,animal acuático,es,2026-01-09 17:54:29.562096+00
2555,vive en agua,es,2026-01-09 17:54:29.890266+00
2556,tiene escamas,es,2026-01-09 17:54:30.218464+00
2557,nada con aletas,es,2026-01-09 17:54:30.550381+00
2558,respira por branquias,es,2026-01-09 17:54:30.880592+00
2559,malla tejida,es,2026-01-09 17:54:31.388267+00
2560,atrapa cosas,es,2026-01-09 17:54:31.76024+00
2561,para pescar,es,2026-01-09 17:54:32.059703+00
2562,tiene agujeros,es,2026-01-09 17:54:32.359905+00
2563,de cuerda o hilo,es,2026-01-09 17:54:32.697311+00
2564,monarca,es,2026-01-09 17:54:33.366808+00
2565,corona en cabeza,es,2026-01-09 17:54:33.689085+00
2567,poder real,es,2026-01-09 17:54:34.46932+00
2568,en trono,es,2026-01-09 17:54:34.774743+00
2569,animal volador,es,2026-01-09 17:54:35.228824+00
2570,tiene plumas,es,2026-01-09 17:54:35.628674+00
2571,pone huevos,es,2026-01-09 17:54:35.976829+00
2572,pico para comer,es,2026-01-09 17:54:36.27625+00
2573,canta,es,2026-01-09 17:54:36.609927+00
2574,período de tiempo,es,2026-01-09 17:54:37.130182+00
2575,treinta días,es,2026-01-09 17:54:37.486852+00
2576,doce en año,es,2026-01-09 17:54:37.789648+00
2577,calendario,es,2026-01-09 17:54:38.111161+00
2578,tiene semanas,es,2026-01-09 17:54:38.423444+00
2579,norma legal,es,2026-01-09 17:54:38.886014+00
2580,debe cumplirse,es,2026-01-09 17:54:39.196684+00
2581,del gobierno,es,2026-01-09 17:54:39.542621+00
2582,justicia,es,2026-01-09 17:54:39.863777+00
2583,obligatoria,es,2026-01-09 17:54:40.164374+00
2584,vegetal verde,es,2026-01-09 17:54:40.728021+00
2585,hojas redondas,es,2026-01-09 17:54:41.050842+00
2586,para ensalada,es,2026-01-09 17:54:41.366823+00
2587,nutritivo,es,2026-01-09 17:54:41.668453+00
2588,de repollo,es,2026-01-09 17:54:42.018101+00
2589,reflejo del cuerpo,es,2026-01-09 17:54:42.499468+00
2590,expulsa aire,es,2026-01-09 17:54:42.812408+00
2591,por garganta,es,2026-01-09 17:54:43.178649+00
2592,cuando enfermo,es,2026-01-09 17:54:43.520525+00
2593,puede doler,es,2026-01-09 17:54:43.855026+00
2594,estado de materia,es,2026-01-09 17:54:44.36429+00
2595,no es sólido,es,2026-01-09 17:54:44.678201+00
2596,puede expandirse,es,2026-01-09 17:54:45.057383+00
2598,invisible,es,2026-01-09 17:54:45.85783+00
2599,material blanco,es,2026-01-09 17:54:46.399045+00
2600,para construcción,es,2026-01-09 17:54:46.732716+00
2601,polvo mineral,es,2026-01-09 17:54:47.086735+00
2602,se mezcla,es,2026-01-09 17:54:47.403208+00
2603,en cemento,es,2026-01-09 17:54:47.734466+00
2604,término,es,2026-01-09 17:54:48.243656+00
2605,conclusión,es,2026-01-09 17:54:48.605899+00
2606,última parte,es,2026-01-09 17:54:48.935543+00
2607,se acabó,es,2026-01-09 17:54:49.257776+00
2608,opuesto a inicio,es,2026-01-09 17:54:49.564786+00
2609,ocasión,es,2026-01-09 17:54:50.152011+00
2610,momento dado,es,2026-01-09 17:54:50.478162+00
2611,una o más,es,2026-01-09 17:54:50.78446+00
2612,frecuencia,es,2026-01-09 17:54:51.10088+00
2613,turno,es,2026-01-09 17:54:51.416332+00
2614,punto cardinal,es,2026-01-09 17:54:51.933309+00
2615,dirección,es,2026-01-09 17:54:52.278886+00
2616,opuesto a norte,es,2026-01-09 17:54:52.59357+00
2617,en brújula,es,2026-01-09 17:54:52.896544+00
2618,hacia abajo en mapa,es,2026-01-09 17:54:53.230825+00
2619,regalo,es,2026-01-09 17:54:53.730191+00
2620,talento natural,es,2026-01-09 17:54:54.074751+00
2621,habilidad especial,es,2026-01-09 17:54:54.436886+00
2622,título de respeto,es,2026-01-09 17:54:54.768986+00
2623,bondad,es,2026-01-09 17:54:55.077106+00
2624,lugar para beber,es,2026-01-09 17:54:55.564247+00
2625,sirve alcohol,es,2026-01-09 17:54:55.896176+00
2626,con mostrador,es,2026-01-09 17:54:56.224611+00
2627,vida nocturna,es,2026-01-09 17:54:56.564984+00
2628,se sirven copas,es,2026-01-09 17:54:56.902728+00
2629,transporte público,es,2026-01-09 17:54:57.464132+00
2630,muchos asientos,es,2026-01-09 17:54:57.796533+00
2631,para pasajeros,es,2026-01-09 17:54:58.170553+00
2632,ruta fija,es,2026-01-09 17:54:58.51637+00
2633,paradas regulares,es,2026-01-09 17:54:58.806649+00
2634,sustancia viscosa,es,2026-01-09 17:54:59.386555+00
2635,semisólido,es,2026-01-09 17:54:59.712261+00
2636,para cabello,es,2026-01-09 17:54:59.999027+00
2637,transparente,es,2026-01-09 17:55:00.329714+00
2638,fija peinado,es,2026-01-09 17:55:00.641176+00
2639,papel que se desempeña,es,2026-01-09 17:55:01.111909+00
2640,función,es,2026-01-09 17:55:01.405727+00
2641,en obra o vida,es,2026-01-09 17:55:01.703633+00
2642,personaje,es,2026-01-09 17:55:02.05753+00
2643,responsabilidad,es,2026-01-09 17:55:02.345819+00
2644,filosofía,es,2026-01-09 17:55:03.050864+00
2645,meditación,es,2026-01-09 17:55:03.357469+00
2646,paz interior,es,2026-01-09 17:55:03.683765+00
2647,budismo,es,2026-01-09 17:55:04.008766+00
2648,calma mental,es,2026-01-09 17:55:04.341375+00
2649,vehículo,es,2026-01-09 17:55:04.78352+00
2650,tipo de camioneta,es,2026-01-09 17:55:05.140214+00
2651,carga o pasajeros,es,2026-01-09 17:55:05.466679+00
2652,más grande que auto,es,2026-01-09 17:55:05.783715+00
2653,espacio interior,es,2026-01-09 17:55:06.109905+00
2654,género musical,es,2026-01-09 17:55:06.56756+00
2655,ritmo hablado,es,2026-01-09 17:55:06.872255+00
2656,cultura urbana,es,2026-01-09 17:55:07.193164+00
2657,rimas,es,2026-01-09 17:55:07.486752+00
2658,hip hop,es,2026-01-09 17:55:07.845287+00
2659,punto en deporte,es,2026-01-09 17:55:08.403594+00
2660,en fútbol,es,2026-01-09 17:55:08.721621+00
2661,pelota en red,es,2026-01-09 17:55:09.051398+00
2662,celebración,es,2026-01-09 17:55:09.347873+00
2663,marca equipo,es,2026-01-09 17:55:09.677773+00
2664,pareja,es,2026-01-09 17:55:10.135834+00
2665,dos personas,es,2026-01-09 17:55:10.447516+00
2666,conjunto musical,es,2026-01-09 17:55:10.795054+00
2667,trabajan juntos,es,2026-01-09 17:55:11.115499+00
2668,doble,es,2026-01-09 17:55:11.420585+00
2669,sonido,es,2026-01-09 17:55:11.863193+00
2670,música,es,2026-01-09 17:55:12.174805+00
2671,ritmo latino,es,2026-01-09 17:55:12.475713+00
2672,género cubano,es,2026-01-09 17:55:12.770053+00
2673,melodía,es,2026-01-09 17:55:13.057252+00
2674,acción refleja,es,2026-01-09 17:55:13.669077+00
2675,expulsar aire,es,2026-01-09 17:55:13.953364+00
2676,síntoma,es,2026-01-09 17:55:14.280331+00
2677,garganta irritada,es,2026-01-09 17:55:14.611233+00
2678,puede ser seca,es,2026-01-09 17:55:14.917851+00
2679,tarifa,es,2026-01-09 17:55:15.41239+00
2680,costo,es,2026-01-09 17:55:16.463566+00
2681,pago por servicio,es,2026-01-09 17:55:16.822784+00
2682,cargo,es,2026-01-09 17:55:17.12174+00
2683,honorario,es,2026-01-09 17:55:17.416801+00
2684,acción de dar,es,2026-01-09 17:55:17.850762+00
2685,entregar,es,2026-01-09 17:55:18.155886+00
2686,regalar,es,2026-01-09 17:55:18.701339+00
2687,proveer,es,2026-01-09 17:55:19.043145+00
2688,compartir,es,2026-01-09 17:55:19.366678+00
2689,tiempo pasado,es,2026-01-09 17:55:19.816898+00
2690,verbo ser,es,2026-01-09 17:55:20.17288+00
2691,sucedió antes,es,2026-01-09 17:55:20.551325+00
2692,ya ocurrió,es,2026-01-09 17:55:20.846382+00
2693,pretérito,es,2026-01-09 17:55:21.135988+00
2694,utilización,es,2026-01-09 17:55:21.590275+00
2695,empleo de algo,es,2026-01-09 17:55:21.926628+00
2697,aplicación,es,2026-01-09 17:55:22.741958+00
2698,manera de usar,es,2026-01-09 17:55:23.092672+00
2699,pasado de dar,es,2026-01-09 17:55:23.667754+00
2700,entregó,es,2026-01-09 17:55:24.080569+00
2701,ofreció,es,2026-01-09 17:55:24.448177+00
2702,regaló,es,2026-01-09 17:55:24.740992+00
2703,compartió,es,2026-01-09 17:55:25.049611+00
2704,pasado de ir,es,2026-01-09 17:55:25.523038+00
2705,se dirigía,es,2026-01-09 17:55:25.835228+00
2706,camino a lugar,es,2026-01-09 17:55:26.127156+00
2707,en tránsito,es,2026-01-09 17:55:26.420909+00
2708,movimiento anterior,es,2026-01-09 17:55:26.740611+00
2709,de esta manera,es,2026-01-09 17:55:27.264076+00
2710,de tal modo,es,2026-01-09 17:55:27.646012+00
2711,como esto,es,2026-01-09 17:55:27.946086+00
2712,de esta forma,es,2026-01-09 17:55:28.259707+00
2713,similar,es,2026-01-09 17:55:28.562412+00
2715,doce meses,es,2026-01-09 17:55:29.503945+00
2716,365 días,es,2026-01-09 17:55:29.835709+00
2717,en calendario,es,2026-01-09 17:55:30.386918+00
2718,ciclo completo,es,2026-01-09 17:55:30.684619+00
2719,24 horas,es,2026-01-09 17:55:31.200054+00
2720,luz solar,es,2026-01-09 17:55:31.68566+00
2721,opuesto a noche,es,2026-01-09 17:55:32.448598+00
2722,jornada,es,2026-01-09 17:55:32.935327+00
2723,fecha,es,2026-01-09 17:55:33.286886+00
2724,adicional,es,2026-01-09 17:55:33.794477+00
2725,suma,es,2026-01-09 17:55:34.08844+00
2726,mayor cantidad,es,2026-01-09 17:55:34.426597+00
2727,exceso,es,2026-01-09 17:55:34.715599+00
2728,agregar,es,2026-01-09 17:55:35.023232+00
2729,verbo haber,es,2026-01-09 17:55:35.501928+00
2730,existe,es,2026-01-09 17:55:35.833058+00
2731,se encuentra,es,2026-01-09 17:55:36.155461+00
2732,disponible,es,2026-01-09 17:55:36.451021+00
2733,presente,es,2026-01-09 17:55:36.775582+00
2734,número,es,2026-01-09 17:55:37.29097+00
2735,después de uno,es,2026-01-09 17:55:37.650507+00
2736,par,es,2026-01-09 17:55:37.938592+00
2738,cantidad,es,2026-01-09 17:55:38.821211+00
2739,este día,es,2026-01-09 17:55:39.290999+00
2740,ahora,es,2026-01-09 17:55:39.580289+00
2742,fecha actual,es,2026-01-09 17:55:40.358066+00
2743,no ayer ni mañana,es,2026-01-09 17:55:40.69095+00
2745,1000 unidades,es,2026-01-09 17:55:41.655197+00
2746,cantidad grande,es,2026-01-09 17:55:41.983871+00
2747,múltiplo de cien,es,2026-01-09 17:55:42.273641+00
2748,cifra,es,2026-01-09 17:55:42.604136+00
2749,pronombre,es,2026-01-09 17:55:43.312349+00
2750,segunda persona,es,2026-01-09 17:55:43.607732+00
2751,la otra persona,es,2026-01-09 17:55:43.933458+00
2752,destinatario,es,2026-01-09 17:55:44.266267+00
2753,quien escucha,es,2026-01-09 17:55:44.664596+00
2754,pronombre masculino,es,2026-01-09 17:55:45.138813+00
2755,tercera persona,es,2026-01-09 17:55:45.469356+00
2756,hombre referido,es,2026-01-09 17:55:45.776304+00
2757,sujeto,es,2026-01-09 17:55:46.097911+00
2758,varón,es,2026-01-09 17:55:46.408347+00
2760,primera persona,es,2026-01-09 17:55:47.369458+00
2761,uno mismo,es,2026-01-09 17:55:47.70075+00
2762,el hablante,es,2026-01-09 17:55:47.993816+00
2763,identidad,es,2026-01-09 17:55:48.323375+00
2764,negación,es,2026-01-09 17:55:48.815196+00
2765,rechazo,es,2026-01-09 17:55:49.10539+00
2766,opuesto a sí,es,2026-01-09 17:55:49.461395+00
2767,niega algo,es,2026-01-09 17:55:49.805064+00
2768,prohibición,es,2026-01-09 17:55:50.158776+00
2769,afirmación,es,2026-01-09 17:55:50.687915+00
2770,aceptación,es,2026-01-09 17:55:50.989513+00
2771,opuesto a no,es,2026-01-09 17:55:51.337571+00
2772,aprobación,es,2026-01-09 17:55:51.718213+00
2773,confirmación,es,2026-01-09 17:55:52.076542+00
2775,en este momento,es,2026-01-09 17:55:53.116217+00
2776,antes de lo esperado,es,2026-01-09 17:55:53.484465+00
2777,completado,es,2026-01-09 17:55:53.8602+00
2778,finalmente,es,2026-01-09 17:55:54.196574+00
2779,bebida caliente,es,2026-01-09 17:55:54.724381+00
2780,infusión,es,2026-01-09 17:55:55.11221+00
2781,de plantas,es,2026-01-09 17:55:55.419164+00
2782,en taza,es,2026-01-09 17:55:55.720411+00
2783,variedad verde o negro,es,2026-01-09 17:55:56.074341+00
2784,creencia,es,2026-01-09 17:55:56.664828+00
2785,confianza,es,2026-01-09 17:55:57.033091+00
2786,religión,es,2026-01-09 17:55:57.367161+00
2787,esperanza,es,2026-01-09 17:55:57.67938+00
2788,convicción,es,2026-01-09 17:55:58.045974+00
2789,necesidad de agua,es,2026-01-09 17:55:58.816582+00
2790,boca seca,es,2026-01-09 17:55:59.1755+00
2791,ganas de beber,es,2026-01-09 17:55:59.561097+00
2792,deshidratación,es,2026-01-09 17:55:59.940024+00
2793,se calma bebiendo,es,2026-01-09 17:56:00.346628+00
2794,mujer de casa,es,2026-01-09 17:56:00.837743+00
2795,señora,es,2026-01-09 17:56:01.199648+00
2796,dueña,es,2026-01-09 17:56:01.523819+00
2797,que cuida hogar,es,2026-01-09 17:56:01.894317+00
2798,jefa del hogar,es,2026-01-09 17:56:02.214117+00
2799,hada,es,2026-01-09 17:56:02.722385+00
2800,ser mágico,es,2026-01-09 17:56:03.071797+00
2801,criatura fantástica,es,2026-01-09 17:56:03.628704+00
2802,con alas,es,2026-01-09 17:56:04.149183+00
2803,hace magia,es,2026-01-09 17:56:04.817289+00
2804,círculo,es,2026-01-09 17:56:05.371654+00
2805,forma redonda,es,2026-01-09 17:56:05.739756+00
2806,anillo,es,2026-01-09 17:56:06.08826+00
2807,sin esquinas,es,2026-01-09 17:56:06.436823+00
2808,objeto circular,es,2026-01-09 17:56:06.837079+00
2809,demostrativo,es,2026-01-09 17:56:07.518894+00
2810,señala objeto,es,2026-01-09 17:56:07.877162+00
2811,aquel,es,2026-01-09 17:56:08.358035+00
2812,indica distancia media,es,2026-01-09 17:56:08.865813+00
2814,tanto,es,2026-01-09 17:56:09.800582+00
2815,comparación,es,2026-01-09 17:56:10.157103+00
2816,grado,es,2026-01-09 17:56:10.560145+00
2817,intensidad,es,2026-01-09 17:56:10.90769+00
2818,en tal medida,es,2026-01-09 17:56:11.274306+00
2819,final,es,2026-01-09 17:56:11.996568+00
2822,acabar,es,2026-01-09 17:56:13.314189+00
2824,preposición,es,2026-01-09 17:56:14.314322+00
2825,a través de,es,2026-01-09 17:56:14.701137+00
2826,causa,es,2026-01-09 17:56:15.089369+00
2827,medio,es,2026-01-09 17:56:15.398894+00
2828,durante,es,2026-01-09 17:56:15.709111+00
2830,junto a,es,2026-01-09 17:56:16.718097+00
2831,acompañado,es,2026-01-09 17:56:17.064795+00
2832,usando,es,2026-01-09 17:56:17.371057+00
2833,en compañía,es,2026-01-09 17:56:18.070069+00
2835,ausencia,es,2026-01-09 17:56:19.015708+00
2836,falta de,es,2026-01-09 17:56:19.38987+00
2837,carencia,es,2026-01-09 17:56:19.707361+00
2838,sin tener,es,2026-01-09 17:56:20.052132+00
2839,posesivo,es,2026-01-09 17:56:20.55235+00
2840,me pertenece,es,2026-01-09 17:56:20.846658+00
2841,propiedad,es,2026-01-09 17:56:21.194169+00
2842,de mi propiedad,es,2026-01-09 17:56:21.489339+00
2844,familiar,es,2026-01-09 17:56:22.551985+00
2845,hermana de padre o madre,es,2026-01-09 17:56:22.874919+00
2846,pariente,es,2026-01-09 17:56:23.261235+00
2847,familia,es,2026-01-09 17:56:24.01053+00
2848,mujer adulta,es,2026-01-09 17:56:24.390854+00
2850,hermano de padre o madre,es,2026-01-09 17:56:25.382152+00
2853,hombre adulto,es,2026-01-09 17:56:26.999212+00
2855,tercera persona plural,es,2026-01-09 17:56:28.385918+00
2856,ellos son,es,2026-01-09 17:56:28.695588+00
2857,estado,es,2026-01-09 17:56:29.085886+00
2859,pasado de ver,es,2026-01-09 17:56:30.10159+00
2860,observó,es,2026-01-09 17:56:30.416677+00
2861,presenció,es,2026-01-09 17:56:31.323914+00
2862,con los ojos,es,2026-01-09 17:56:31.785996+00
2863,verbo dar,es,2026-01-09 17:56:32.329594+00
2864,entregan,es,2026-01-09 17:56:32.648173+00
2865,regalan,es,2026-01-09 17:56:32.973274+00
2866,ofrecen,es,2026-01-09 17:56:33.300904+00
2868,verbo ir,es,2026-01-09 17:56:34.705337+00
2869,se dirigen,es,2026-01-09 17:56:35.105912+00
2870,caminan hacia,es,2026-01-09 17:56:36.352881+00
2871,viajan,es,2026-01-09 17:56:36.978584+00
2879,me dirigí,es,2026-01-09 17:56:41.774722+00
2880,estuve,es,2026-01-09 17:56:42.209017+00
2883,pasado de ser,es,2026-01-09 17:56:43.758131+00
2884,fue antes,es,2026-01-09 17:56:44.143011+00
2885,existía,es,2026-01-09 17:56:44.503329+00
2887,imperfecto,es,2026-01-09 17:56:45.435439+00
2888,órgano visual,es,2026-01-09 17:56:46.083163+00
2890,tiene pupila,es,2026-01-09 17:56:46.851685+00
2892,sentido de la vista,es,2026-01-09 17:56:47.670104+00
2893,parte de ave,es,2026-01-09 17:56:48.306708+00
2894,para volar,es,2026-01-09 17:56:48.634995+00
2895,en insectos,es,2026-01-09 17:56:48.99251+00
2896,membrana,es,2026-01-09 17:56:49.322848+00
2897,permite vuelo,es,2026-01-09 17:56:49.658411+00
2898,agarradera,es,2026-01-09 17:56:50.139632+00
2899,de taza,es,2026-01-09 17:56:50.445537+00
2900,para sostener,es,2026-01-09 17:56:50.745161+00
2901,en ollas,es,2026-01-09 17:56:51.065527+00
2902,mango,es,2026-01-09 17:56:51.43787+00
2903,bulbo comestible,es,2026-01-09 17:56:51.983354+00
2904,sabor fuerte,es,2026-01-09 17:56:52.302746+00
2907,olor intenso,es,2026-01-09 17:56:53.639733+00
2908,camino,es,2026-01-09 17:56:54.128073+00
2909,ruta,es,2026-01-09 17:56:54.427135+00
2911,ferrocarril,es,2026-01-09 17:56:55.237922+00
2912,carretera,es,2026-01-09 17:56:55.569513+00
2913,planta trepadora,es,2026-01-09 17:56:56.044737+00
2914,produce uvas,es,2026-01-09 17:56:56.411069+00
2915,para vino,es,2026-01-09 17:56:56.708451+00
2916,en viñedos,es,2026-01-09 17:56:57.025942+00
2917,tronco leñoso,es,2026-01-09 17:56:57.321551+00
2918,expulsión de aire,es,2026-01-09 17:56:58.064975+00
2919,reflejo,es,2026-01-09 17:56:58.40023+00
2921,de garganta,es,2026-01-09 17:56:59.331885+00
2922,puede ser con flema,es,2026-01-09 17:56:59.638645+00
2923,piel del rostro,es,2026-01-09 17:57:00.105617+00
2924,cutis,es,2026-01-09 17:57:00.469502+00
2925,complexión,es,2026-01-09 17:57:00.82978+00
2926,color de cara,es,2026-01-09 17:57:01.156834+00
2927,apariencia facial,es,2026-01-09 17:57:01.552733+00
2929,ofrecer,es,2026-01-09 17:57:02.651457+00
2932,conceder,es,2026-01-09 17:57:03.887455+00
2933,moverse,es,2026-01-09 17:57:04.406106+00
2934,desplazarse,es,2026-01-09 17:57:04.702658+00
2935,dirigirse,es,2026-01-09 17:57:05.022194+00
2936,viajar,es,2026-01-09 17:57:05.371243+00
2937,caminar hacia,es,2026-01-09 17:57:05.677302+00
2938,observar,es,2026-01-09 17:57:06.146755+00
2939,mirar,es,2026-01-09 17:57:06.54818+00
2940,percibir con ojos,es,2026-01-09 17:57:06.928589+00
2941,contemplar,es,2026-01-09 17:57:07.267539+00
2942,visualizar,es,2026-01-09 17:57:07.57314+00
2943,existir,es,2026-01-09 17:57:08.083875+00
2944,esencia,es,2026-01-09 17:57:08.399913+00
2946,estado permanente,es,2026-01-09 17:57:09.273115+00
2947,naturaleza,es,2026-01-09 17:57:09.580453+00
2948,imperativo de tener,es,2026-01-09 17:57:10.13988+00
2949,sostén,es,2026-01-09 17:57:10.479446+00
2950,toma,es,2026-01-09 17:57:10.828065+00
2951,posee,es,2026-01-09 17:57:11.152196+00
2952,agarra,es,2026-01-09 17:57:11.5634+00
2953,imperativo de salir,es,2026-01-09 17:57:12.310519+00
2954,vete afuera,es,2026-01-09 17:57:12.63624+00
2955,abandona lugar,es,2026-01-09 17:57:13.012847+00
2956,sal de aquí,es,2026-01-09 17:57:13.337551+00
2957,marcharse,es,2026-01-09 17:57:13.657179+00
2958,imperativo de venir,es,2026-01-09 17:57:14.170881+00
2959,acércate,es,2026-01-09 17:57:14.49507+00
2960,dirígete aquí,es,2026-01-09 17:57:14.852239+00
2961,llega,es,2026-01-09 17:57:15.184641+00
2962,aproximación,es,2026-01-09 17:57:15.512671+00
2963,imperativo de hacer,es,2026-01-09 17:57:15.982258+00
2964,realiza,es,2026-01-09 17:57:16.338285+00
2965,ejecuta,es,2026-01-09 17:57:16.626243+00
2966,construye,es,2026-01-09 17:57:16.9206+00
2967,crea,es,2026-01-09 17:57:17.219778+00
2968,imperativo de leer,es,2026-01-09 17:57:17.729249+00
2969,observa texto,es,2026-01-09 17:57:18.023865+00
2970,interpreta letras,es,2026-01-09 17:57:18.334927+00
2971,comprende escrito,es,2026-01-09 17:57:18.623773+00
2972,estudia,es,2026-01-09 17:57:18.918317+00
2973,imperativo de poner,es,2026-01-09 17:57:19.366718+00
2974,coloca,es,2026-01-09 17:57:19.707463+00
2975,sitúa,es,2026-01-09 17:57:20.044472+00
2976,ubica,es,2026-01-09 17:57:20.340914+00
2977,deposita,es,2026-01-09 17:57:20.663433+00
2978,verbo tener,es,2026-01-09 17:57:21.317796+00
2979,poseer,es,2026-01-09 17:57:21.615157+00
2980,sostener,es,2026-01-09 17:57:21.922247+00
2981,mantener,es,2026-01-09 17:57:22.212722+00
2982,disponer,es,2026-01-09 17:57:22.507899+00
2983,período lunar,es,2026-01-09 17:57:23.143769+00
2984,30 días aprox,es,2026-01-09 17:57:23.44238+00
2985,parte del año,es,2026-01-09 17:57:23.772522+00
2986,cuatro semanas,es,2026-01-09 17:57:24.091937+00
2988,animal marino,es,2026-01-09 17:57:25.174616+00
2989,respira en agua,es,2026-01-09 17:57:25.533895+00
2990,con aletas,es,2026-01-09 17:57:25.824788+00
2991,escamas,es,2026-01-09 17:57:26.163137+00
2992,nada,es,2026-01-09 17:57:26.472615+00
2993,herramienta agrícola,es,2026-01-09 17:57:26.986252+00
2994,hoja curva,es,2026-01-09 17:57:27.279636+00
2995,para cosechar,es,2026-01-09 17:57:27.598398+00
2996,corta hierba,es,2026-01-09 17:57:27.959634+00
2997,mango de madera,es,2026-01-09 17:57:28.25816+00
2998,ausencia de guerra,es,2026-01-09 17:57:28.737381+00
2999,tranquilidad,es,2026-01-09 17:57:29.019279+00
3000,armonía,es,2026-01-09 17:57:29.345398+00
3001,calma,es,2026-01-09 17:57:29.670862+00
3002,serenidad,es,2026-01-09 17:57:30.022023+00
3003,sonido vocal,es,2026-01-09 17:57:30.633338+00
3005,timbre personal,es,2026-01-09 17:57:31.426772+00
3006,comunicación,es,2026-01-09 17:57:31.725357+00
3007,canto,es,2026-01-09 17:57:32.062083+00
3009,de pulmones,es,2026-01-09 17:57:33.22493+00
3011,cuando hay irritación,es,2026-01-09 17:57:34.182536+00
3013,problema,es,2026-01-09 17:57:35.213986+00
3014,enredo,es,2026-01-09 17:57:35.581263+00
3015,confusión,es,2026-01-09 17:57:35.909397+00
3016,complicación,es,2026-01-09 17:57:36.29583+00
3017,desorden,es,2026-01-09 17:57:36.645768+00
3018,corriente de agua,es,2026-01-09 17:57:37.123718+00
3019,afluente,es,2026-01-09 17:57:37.509944+00
3020,fluye a mar,es,2026-01-09 17:57:37.803639+00
3022,navegable,es,2026-01-09 17:57:38.662513+00
3023,posesión,es,2026-01-09 17:57:39.618617+00
3025,propiedad personal,es,2026-01-09 17:57:40.416915+00
3026,de mi autoría,es,2026-01-09 17:57:40.724973+00
3029,pareja artística,es,2026-01-09 17:57:42.317628+00
3030,conjunto de dos,es,2026-01-09 17:57:42.658387+00
3031,binomio,es,2026-01-09 17:57:42.983746+00
3032,dupla,es,2026-01-09 17:57:43.323338+00
3033,sonido de ave,es,2026-01-09 17:57:43.953347+00
3034,canto de pollito,es,2026-01-09 17:57:44.261133+00
3035,trino,es,2026-01-09 17:57:44.577691+00
3036,de pájaros pequeños,es,2026-01-09 17:57:44.878716+00
3037,voz aguda,es,2026-01-09 17:57:45.211258+00
3039,hermano del padre,es,2026-01-09 17:57:46.364767+00
3041,trato informal,es,2026-01-09 17:57:47.236363+00
3042,hombre,es,2026-01-09 17:57:47.587157+00
3043,observó con ojos,es,2026-01-09 17:57:48.271021+00
3044,percibió visualmente,es,2026-01-09 17:57:48.63623+00
3045,miró,es,2026-01-09 17:57:48.987113+00
3046,contempló,es,2026-01-09 17:57:49.31085+00
3047,divisó,es,2026-01-09 17:57:49.651289+00
3048,vida,es,2026-01-09 17:57:50.214084+00
3049,prefijo de vida,es,2026-01-09 17:57:50.541906+00
3050,biológico,es,2026-01-09 17:57:50.969265+00
3051,orgánico,es,2026-01-09 17:57:51.324733+00
3052,natural,es,2026-01-09 17:57:51.665914+00
3053,pariente mujer,es,2026-01-09 17:57:52.314839+00
3054,hermana del padre,es,2026-01-09 17:57:52.613353+00
3057,cariñoso,es,2026-01-09 17:57:53.920684+00
3058,devota,es,2026-01-09 17:57:54.442002+00
3059,religiosa,es,2026-01-09 17:57:54.745157+00
3060,que tiene fe,es,2026-01-09 17:57:55.077673+00
3061,piadosa,es,2026-01-09 17:57:55.388451+00
3062,espiritual,es,2026-01-09 17:57:55.691589+00
3063,persona que orienta,es,2026-01-09 17:57:56.306264+00
3064,líder,es,2026-01-09 17:57:56.651851+00
3065,manual,es,2026-01-09 17:57:56.98672+00
3066,conductor,es,2026-01-09 17:57:57.756599+00
3067,periodo luminoso,es,2026-01-09 17:57:58.61314+00
3072,entrante de mar,es,2026-01-09 17:58:01.136314+00
3073,bahía,es,2026-01-09 17:58:01.479804+00
3074,estuario,es,2026-01-09 17:58:01.8561+00
3075,costa,es,2026-01-09 17:58:02.189788+00
3077,envuelve,es,2026-01-09 17:58:03.204149+00
3078,enreda,es,2026-01-09 17:58:03.681464+00
3079,confunde,es,2026-01-09 17:58:04.050072+00
3080,ata,es,2026-01-09 17:58:04.356644+00
3081,enrolla,es,2026-01-09 17:58:04.66236+00
3082,confía,es,2026-01-09 17:58:05.156742+00
3083,da crédito,es,2026-01-09 17:58:05.474726+00
3084,vende a plazos,es,2026-01-09 17:58:05.78929+00
3085,cree en,es,2026-01-09 17:58:06.093834+00
3086,presta,es,2026-01-09 17:58:06.428207+00
3087,mascota,es,2026-01-09 17:58:06.902134+00
3088,tiene bigotes,es,2026-01-09 17:58:07.22868+00
3089,dice miau,es,2026-01-09 17:58:07.534831+00
3090,ronronea,es,2026-01-09 17:58:07.837882+00
3091,duerme mucho,es,2026-01-09 17:58:08.185478+00
3093,animal leal,es,2026-01-09 17:58:09.107096+00
3094,dice guau,es,2026-01-09 17:58:09.426019+00
3095,le gustan huesos,es,2026-01-09 17:58:09.746822+00
3096,mueve cola,es,2026-01-09 17:58:10.090725+00
3097,edificio,es,2026-01-09 17:58:10.630829+00
3098,donde vive gente,es,2026-01-09 17:58:10.94982+00
3099,tiene habitaciones,es,2026-01-09 17:58:11.377658+00
3100,hogar,es,2026-01-09 17:58:11.745657+00
3101,techo,es,2026-01-09 17:58:12.086843+00
3102,mueble,es,2026-01-09 17:58:12.59207+00
3103,superficie plana,es,2026-01-09 17:58:12.891394+00
3104,para comer,es,2026-01-09 17:58:13.234061+00
3105,tiene patas,es,2026-01-09 17:58:13.606943+00
3106,sostiene cosas,es,2026-01-09 17:58:14.001649+00
3108,para sentarse,es,2026-01-09 17:58:14.950121+00
3110,con respaldo,es,2026-01-09 17:58:15.788911+00
3111,en mesas,es,2026-01-09 17:58:16.125511+00
3112,para leer,es,2026-01-09 17:58:16.676237+00
3113,tiene páginas,es,2026-01-09 17:58:17.008763+00
3114,cuenta historias,es,2026-01-09 17:58:17.531299+00
3115,en biblioteca,es,2026-01-09 17:58:17.867159+00
3116,de papel,es,2026-01-09 17:58:18.231034+00
3117,planta,es,2026-01-09 17:58:18.770472+00
3118,tiene hojas,es,2026-01-09 17:58:19.151143+00
3119,da oxígeno,es,2026-01-09 17:58:19.504502+00
3120,tiene raíces,es,2026-01-09 17:58:19.864709+00
3121,pájaros anidan,es,2026-01-09 17:58:20.254821+00
3122,parte de planta,es,2026-01-09 17:58:20.799011+00
3123,colorida,es,2026-01-09 17:58:21.11581+00
3124,huele bien,es,2026-01-09 17:58:21.450277+00
3125,pétalos,es,2026-01-09 17:58:21.761292+00
3126,abejas visitan,es,2026-01-09 17:58:22.09192+00
3127,arriba de todo,es,2026-01-09 17:58:22.580816+00
3128,azul de día,es,2026-01-09 17:58:22.907904+00
3129,donde vuelan aves,es,2026-01-09 17:58:23.239974+00
3130,tiene nubes,es,2026-01-09 17:58:23.592293+00
3131,estrellas de noche,es,2026-01-09 17:58:23.899576+00
3133,hecha de vapor,es,2026-01-09 17:58:24.959741+00
3134,blanca o gris,es,2026-01-09 17:58:25.351078+00
3135,puede llover,es,2026-01-09 17:58:25.663784+00
3136,flota en aire,es,2026-01-09 17:58:26.000303+00
3137,satélite terrestre,es,2026-01-09 17:58:26.462089+00
3138,brilla de noche,es,2026-01-09 17:58:26.825267+00
3139,controla mareas,es,2026-01-09 17:58:27.204553+00
3140,tiene fases,es,2026-01-09 17:58:27.523986+00
3141,no es estrella,es,2026-01-09 17:58:27.867192+00
3142,líquido,es,2026-01-09 17:58:28.32617+00
3143,incolora,es,2026-01-09 17:58:28.641298+00
3144,para beber,es,2026-01-09 17:58:28.969294+00
3145,en ríos,es,2026-01-09 17:58:29.315204+00
3146,necesaria para vivir,es,2026-01-09 17:58:29.691787+00
3147,calor y luz,es,2026-01-09 17:58:30.155847+00
3148,quema cosas,es,2026-01-09 17:58:30.479132+00
3149,color rojo,es,2026-01-09 17:58:30.84972+00
3150,peligroso,es,2026-01-09 17:58:31.221252+00
3151,calienta,es,2026-01-09 17:58:31.57891+00
3152,agua congelada,es,2026-01-09 17:58:32.09339+00
3153,muy frío,es,2026-01-09 17:58:32.44444+00
3154,sólido,es,2026-01-09 17:58:32.762015+00
3155,en invierno,es,2026-01-09 17:58:33.064862+00
3156,se derrite,es,2026-01-09 17:58:33.358467+00
3158,blanca y fría,es,2026-01-09 17:58:34.371589+00
3159,cae en invierno,es,2026-01-09 17:58:34.680071+00
3160,hace muñecos,es,2026-01-09 17:58:34.99312+00
3161,se derrite al sol,es,2026-01-09 17:58:35.34324+00
3162,aire en movimiento,es,2026-01-09 17:58:35.8882+00
3163,sopla,es,2026-01-09 17:58:36.678178+00
3164,mueve hojas,es,2026-01-09 17:58:36.999349+00
3166,puede ser fuerte,es,2026-01-09 17:58:37.807369+00
3167,planeta,es,2026-01-09 17:58:38.278962+00
3168,donde vivimos,es,2026-01-09 17:58:38.652873+00
3169,suelo,es,2026-01-09 17:58:39.016036+00
3170,tiene continentes,es,2026-01-09 17:58:39.388723+00
3171,en el espacio,es,2026-01-09 17:58:39.741914+00
3172,partículas finas,es,2026-01-09 17:58:40.286526+00
3173,en playas,es,2026-01-09 17:58:40.599713+00
3174,color beige,es,2026-01-09 17:58:40.943478+00
3176,se mueve fácil,es,2026-01-09 17:58:41.808573+00
3177,piedra grande,es,2026-01-09 17:58:42.294789+00
3178,material duro,es,2026-01-09 17:58:42.696997+00
3180,en montañas,es,2026-01-09 17:58:43.566446+00
3181,sólida,es,2026-01-09 17:58:43.891767+00
3182,tierra mojada,es,2026-01-09 17:58:44.362655+00
3183,pegajoso,es,2026-01-09 17:58:44.665555+00
3184,marrón,es,2026-01-09 17:58:44.982083+00
3185,para cerámica,es,2026-01-09 17:58:45.288993+00
3186,se seca,es,2026-01-09 17:58:45.687011+00
3187,hierba verde,es,2026-01-09 17:58:46.220965+00
3188,en jardines,es,2026-01-09 17:58:46.559296+00
3189,animales comen,es,2026-01-09 17:58:46.920455+00
3190,se corta,es,2026-01-09 17:58:47.271287+00
3191,crece en suelo,es,2026-01-09 17:58:47.653236+00
3193,plana y verde,es,2026-01-09 17:58:48.655214+00
3194,fotosíntesis,es,2026-01-09 17:58:49.008436+00
3195,en ramas,es,2026-01-09 17:58:49.401536+00
3196,cae en otoño,es,2026-01-09 17:58:49.735568+00
3198,bajo tierra,es,2026-01-09 17:58:50.745251+00
3199,absorbe agua,es,2026-01-09 17:58:51.046664+00
3200,ancla planta,es,2026-01-09 17:58:51.351028+00
3201,color café,es,2026-01-09 17:58:51.656834+00
3203,sostiene hojas,es,2026-01-09 17:58:52.783296+00
3204,vertical,es,2026-01-09 17:58:53.183663+00
3205,transporta nutrientes,es,2026-01-09 17:58:53.4944+00
3206,verde,es,2026-01-09 17:58:53.834698+00
3207,parte de árbol,es,2026-01-09 17:58:54.367328+00
3208,sale del tronco,es,2026-01-09 17:58:54.780237+00
3210,pájaros se posan,es,2026-01-09 17:58:55.618079+00
3211,puede romperse,es,2026-01-09 17:58:55.951026+00
3213,contiene semillas,es,2026-01-09 17:58:56.832852+00
3214,se come,es,2026-01-09 17:58:57.175081+00
3215,dulce o ácido,es,2026-01-09 17:58:57.474782+00
3216,colorido,es,2026-01-09 17:58:57.7989+00
3217,fruto pequeño,es,2026-01-09 17:58:58.429939+00
3218,dulce o ácida,es,2026-01-09 17:58:58.735999+00
3219,varios colores,es,2026-01-09 17:58:59.093471+00
3220,crece en arbustos,es,2026-01-09 17:58:59.433096+00
3221,de temporada,es,2026-01-09 17:58:59.89156+00
3222,fruto seco,es,2026-01-09 17:59:00.452159+00
3223,cáscara dura,es,2026-01-09 17:59:00.83004+00
3224,rica en proteína,es,2026-01-09 17:59:01.178293+00
3225,varios tipos,es,2026-01-09 17:59:01.519437+00
3226,saludable,es,2026-01-09 17:59:01.853809+00
3227,cereal,es,2026-01-09 17:59:02.34706+00
3228,mazorca,es,2026-01-09 17:59:02.672943+00
3229,granos amarillos,es,2026-01-09 17:59:02.991235+00
3230,se cocina,es,2026-01-09 17:59:03.298933+00
3231,muchos productos,es,2026-01-09 17:59:03.620868+00
3233,para harina,es,2026-01-09 17:59:04.687707+00
3234,campos dorados,es,2026-01-09 17:59:05.014117+00
3235,hacer pan,es,2026-01-09 17:59:05.31202+00
3236,grano,es,2026-01-09 17:59:05.609323+00
3238,básico en Asia,es,2026-01-09 17:59:06.565976+00
3239,blanco o integral,es,2026-01-09 17:59:06.902592+00
3240,hervido o al vapor,es,2026-01-09 17:59:07.242161+00
3241,crece en agua,es,2026-01-09 17:59:07.57171+00
3242,proteína animal,es,2026-01-09 17:59:08.058839+00
3243,comida cocinada,es,2026-01-09 17:59:08.365899+00
3244,roja o blanca,es,2026-01-09 17:59:08.744756+00
3245,asada o hervida,es,2026-01-09 17:59:09.049382+00
3246,plato principal,es,2026-01-09 17:59:09.419283+00
3247,ave de corral,es,2026-01-09 17:59:09.916411+00
3248,carne blanca,es,2026-01-09 17:59:10.261618+00
3250,huevos,es,2026-01-09 17:59:11.103992+00
3251,granja,es,2026-01-09 17:59:11.47336+00
3252,ave acuática,es,2026-01-09 17:59:12.00631+00
3253,dice cuac,es,2026-01-09 17:59:12.360956+00
3254,patas palmeadas,es,2026-01-09 17:59:12.660357+00
3257,anfibio,es,2026-01-09 17:59:14.25394+00
3258,salta alto,es,2026-01-09 17:59:14.546558+00
3259,vive cerca agua,es,2026-01-09 17:59:14.894745+00
3260,dice croac,es,2026-01-09 17:59:15.279444+00
3261,come insectos,es,2026-01-09 17:59:15.728505+00
3262,anfibio verrugoso,es,2026-01-09 17:59:16.298593+00
3263,salta corto,es,2026-01-09 17:59:16.672154+00
3264,piel seca,es,2026-01-09 17:59:17.106252+00
3265,nocturno,es,2026-01-09 17:59:17.457752+00
3267,canino salvaje,es,2026-01-09 17:59:18.801704+00
3268,animal de manada,es,2026-01-09 17:59:19.128125+00
3269,aúlla,es,2026-01-09 17:59:19.723214+00
3270,depredador,es,2026-01-09 17:59:20.098604+00
3271,pelaje grueso,es,2026-01-09 17:59:20.414316+00
3272,animal grande,es,2026-01-09 17:59:20.874286+00
3273,duerme en invierno,es,2026-01-09 17:59:21.197213+00
3274,le gusta miel,es,2026-01-09 17:59:21.487319+00
3275,tiene garras,es,2026-01-09 17:59:21.822471+00
3276,puede ser café,es,2026-01-09 17:59:22.163594+00
3277,gran felino,es,2026-01-09 17:59:22.769157+00
3278,rey de selva,es,2026-01-09 17:59:23.116045+00
3279,tiene melena,es,2026-01-09 17:59:23.449132+00
3280,ruge fuerte,es,2026-01-09 17:59:23.760401+00
3281,vive en África,es,2026-01-09 17:59:24.067474+00
3282,mamífero con cuernos,es,2026-01-09 17:59:25.060769+00
3283,barbudo,es,2026-01-09 17:59:25.367949+00
3284,trepa montañas,es,2026-01-09 17:59:25.662637+00
3285,produce leche,es,2026-01-09 17:59:26.247224+00
3286,patas firmes,es,2026-01-09 17:59:26.660908+00
3287,mamífero lanudo,es,2026-01-09 17:59:27.12679+00
3288,animal de rebaño,es,2026-01-09 17:59:27.467649+00
3289,produce lana,es,2026-01-09 17:59:27.806394+00
3290,pasta,es,2026-01-09 17:59:28.095054+00
3291,bala,es,2026-01-09 17:59:28.397113+00
3292,animal de granja,es,2026-01-09 17:59:28.842084+00
3293,hocico rosado,es,2026-01-09 17:59:29.17909+00
3294,hace oinc,es,2026-01-09 17:59:29.487443+00
3295,inteligente,es,2026-01-09 17:59:29.810535+00
3296,le gusta lodo,es,2026-01-09 17:59:30.117068+00
3299,muge,es,2026-01-09 17:59:32.143947+00
3300,come pasto,es,2026-01-09 17:59:32.500101+00
3301,grande,es,2026-01-09 17:59:32.838355+00
3302,bovino macho,es,2026-01-09 17:59:33.454256+00
3303,fuerte,es,2026-01-09 17:59:33.748771+00
3304,cuernos,es,2026-01-09 17:59:34.0638+00
3305,agresivo,es,2026-01-09 17:59:34.395867+00
3306,en corridas,es,2026-01-09 17:59:34.75021+00
3307,roedor,es,2026-01-09 17:59:35.310726+00
3308,cola larga,es,2026-01-09 17:59:35.642449+00
3309,vive en ciudad,es,2026-01-09 17:59:36.02236+00
3310,omnívoro,es,2026-01-09 17:59:36.350008+00
3312,roedor pequeño,es,2026-01-09 17:59:37.343973+00
3313,chilla,es,2026-01-09 17:59:37.721468+00
3314,come queso,es,2026-01-09 17:59:38.052327+00
3315,movimientos rápidos,es,2026-01-09 17:59:38.404985+00
3316,diminuto,es,2026-01-09 17:59:38.782288+00
3317,insecto pequeño,es,2026-01-09 17:59:39.380166+00
3318,dos alas,es,2026-01-09 17:59:39.764913+00
3319,zumba,es,2026-01-09 17:59:40.125272+00
3320,se posa en comida,es,2026-01-09 17:59:40.471553+00
3321,ojos compuestos,es,2026-01-09 17:59:40.766264+00
3322,insecto volador,es,2026-01-09 17:59:41.241581+00
3323,hace miel,es,2026-01-09 17:59:41.545519+00
3324,vive en colmena,es,2026-01-09 17:59:41.916599+00
3325,poliniza,es,2026-01-09 17:59:42.230875+00
3326,puede picar,es,2026-01-09 17:59:42.719775+00
3328,amarillo y negro,es,2026-01-09 17:59:43.905563+00
3329,picadura dolorosa,es,2026-01-09 17:59:44.241687+00
3330,hace nidos de papel,es,2026-01-09 17:59:44.570758+00
3331,agresiva,es,2026-01-09 17:59:44.893657+00
3332,insecto saltador,es,2026-01-09 17:59:45.341598+00
3333,canta de noche,es,2026-01-09 17:59:45.635744+00
3334,seis patas,es,2026-01-09 17:59:45.964803+00
3335,vive en campo,es,2026-01-09 17:59:46.355817+00
3336,sonido característico,es,2026-01-09 17:59:46.744353+00
3337,insecto diminuto,es,2026-01-09 17:59:47.284245+00
3339,pica mamíferos,es,2026-01-09 17:59:48.077366+00
3340,chupa sangre,es,2026-01-09 17:59:48.408379+00
3341,plaga,es,2026-01-09 17:59:48.732275+00
3342,insecto parásito,es,2026-01-09 17:59:49.251618+00
3343,vive en pelo,es,2026-01-09 17:59:49.573369+00
3344,pica cabeza,es,2026-01-09 17:59:49.868357+00
3345,huevos llamados liendres,es,2026-01-09 17:59:50.159739+00
3346,contagioso,es,2026-01-09 17:59:50.472325+00
3347,arácnido,es,2026-01-09 17:59:51.012616+00
3348,ocho patas,es,2026-01-09 17:59:51.300393+00
3349,hace telarañas,es,2026-01-09 17:59:51.596295+00
3350,algunos venenosos,es,2026-01-09 17:59:51.90239+00
3351,cazadora,es,2026-01-09 17:59:52.213117+00
3352,mamífero marino,es,2026-01-09 17:59:52.792143+00
3353,aletas,es,2026-01-09 17:59:53.081061+00
3354,come peces,es,2026-01-09 17:59:53.374849+00
3355,vive cerca hielo,es,2026-01-09 17:59:53.677544+00
3356,juguetona,es,2026-01-09 17:59:54.048471+00
3357,ave nocturna,es,2026-01-09 17:59:54.492934+00
3358,ojos grandes,es,2026-01-09 17:59:54.81018+00
3359,ulula,es,2026-01-09 17:59:55.117969+00
3360,vuelo silencioso,es,2026-01-09 17:59:55.476546+00
3361,reputación sabia,es,2026-01-09 17:59:55.851686+00
3362,ave elegante,es,2026-01-09 17:59:56.385726+00
3363,cuello largo,es,2026-01-09 17:59:56.688283+00
3364,plumas blancas,es,2026-01-09 17:59:57.0212+00
3365,grácil,es,2026-01-09 17:59:57.315638+00
3366,pareja de por vida,es,2026-01-09 17:59:57.64612+00
3367,ave acuática grande,es,2026-01-09 17:59:58.160735+00
3368,grazna,es,2026-01-09 17:59:58.55723+00
3369,vuela en V,es,2026-01-09 17:59:58.856407+00
3371,blanco o gris,es,2026-01-09 17:59:59.638576+00
3372,ave negra,es,2026-01-09 18:00:00.154719+00
3376,social,es,2026-01-09 18:00:01.93761+00
3377,ave de presa,es,2026-01-09 18:00:02.522861+00
3378,garras afiladas,es,2026-01-09 18:00:02.867747+00
3379,vista aguda,es,2026-01-09 18:00:03.167955+00
3380,planea,es,2026-01-09 18:00:03.501885+00
3381,caza roedores,es,2026-01-09 18:00:03.847176+00
3382,ave colorida,es,2026-01-09 18:00:04.378836+00
3383,puede hablar,es,2026-01-09 18:00:04.735528+00
3384,pico curvo,es,2026-01-09 18:00:05.158029+00
3385,tropical,es,2026-01-09 18:00:05.477733+00
3387,ave grande,es,2026-01-09 18:00:06.552212+00
3388,plumas de cola,es,2026-01-09 18:00:06.911092+00
3389,hace gluglú,es,2026-01-09 18:00:07.236828+00
3390,de granja,es,2026-01-09 18:00:07.571531+00
3391,carne festiva,es,2026-01-09 18:00:07.884448+00
3392,ave macho,es,2026-01-09 18:00:08.416726+00
3393,canta al amanecer,es,2026-01-09 18:00:08.728742+00
3394,cresta roja,es,2026-01-09 18:00:09.0847+00
3395,plumas brillantes,es,2026-01-09 18:00:09.420461+00
3396,territorial,es,2026-01-09 18:00:09.791389+00
3397,ave joven,es,2026-01-09 18:00:10.282831+00
3398,pequeño,es,2026-01-09 18:00:10.619025+00
3399,amarillo,es,2026-01-09 18:00:10.942852+00
3400,pio pio,es,2026-01-09 18:00:11.244179+00
3401,recién nacido,es,2026-01-09 18:00:11.541192+00
3402,bovino castrado,es,2026-01-09 18:00:12.05979+00
3404,para trabajo,es,2026-01-09 18:00:12.944359+00
3405,tira arado,es,2026-01-09 18:00:13.305128+00
3406,manso,es,2026-01-09 18:00:13.617846+00
3407,instrumento musical,es,2026-01-09 18:00:14.14246+00
3408,instrumento de teclado,es,2026-01-09 18:00:14.458908+00
3409,tiene 88 teclas,es,2026-01-09 18:00:14.805088+00
3410,hace música,es,2026-01-09 18:00:15.126717+00
3411,se toca con dedos,es,2026-01-09 18:00:15.450764+00
3413,instrumento de cuerda,es,2026-01-09 18:00:16.432667+00
3414,tiene seis cuerdas,es,2026-01-09 18:00:16.937439+00
3415,para música rock,es,2026-01-09 18:00:17.274812+00
3416,acústica o eléctrica,es,2026-01-09 18:00:17.633613+00
3419,se toca con arco,es,2026-01-09 18:00:19.022024+00
3420,en orquestas,es,2026-01-09 18:00:19.577119+00
3421,tono agudo,es,2026-01-09 18:00:19.900066+00
3423,percusión,es,2026-01-09 18:00:21.060577+00
3424,se golpea con palillos,es,2026-01-09 18:00:21.402204+00
3425,mantiene ritmo,es,2026-01-09 18:00:21.726089+00
3426,en bandas rock,es,2026-01-09 18:00:22.1012+00
3428,instrumento de viento,es,2026-01-09 18:00:23.063159+00
3429,metal o madera,es,2026-01-09 18:00:23.389739+00
3430,se toca de lado,es,2026-01-09 18:00:23.735535+00
3433,instrumento de metal,es,2026-01-09 18:00:25.202535+00
3434,tiene tres válvulas,es,2026-01-09 18:00:25.54575+00
3435,para jazz,es,2026-01-09 18:00:25.845563+00
3436,metal de tono agudo,es,2026-01-09 18:00:26.229591+00
3439,se toca sentado,es,2026-01-09 18:00:27.950217+00
3440,más grande que violín,es,2026-01-09 18:00:28.256623+00
3441,sonido profundo rico,es,2026-01-09 18:00:28.589626+00
3444,forma triangular,es,2026-01-09 18:00:29.959961+00
3445,se puntea con dedos,es,2026-01-09 18:00:30.273863+00
3446,instrumento antiguo,es,2026-01-09 18:00:30.568507+00
3447,mamífero grande,es,2026-01-09 18:00:31.044984+00
3448,tiene trompa,es,2026-01-09 18:00:31.356795+00
3449,animal terrestre más grande,es,2026-01-09 18:00:31.708297+00
3450,vive en áfrica,es,2026-01-09 18:00:32.004142+00
3451,nunca olvida,es,2026-01-09 18:00:32.326033+00
3452,mamífero alto,es,2026-01-09 18:00:32.792687+00
3454,animal más alto,es,2026-01-09 18:00:33.568797+00
3456,patrón manchado,es,2026-01-09 18:00:34.296309+00
3457,ave no voladora,es,2026-01-09 18:00:34.771612+00
3458,vive en antártida,es,2026-01-09 18:00:35.058314+00
3459,blanco y negro,es,2026-01-09 18:00:35.431984+00
3460,excelente nadador,es,2026-01-09 18:00:35.726475+00
3461,camina bamboleándose,es,2026-01-09 18:00:36.026274+00
3464,vive en océano,es,2026-01-09 18:00:37.646629+00
3465,animal juguetón,es,2026-01-09 18:00:37.956711+00
3466,usa ecolocalización,es,2026-01-09 18:00:38.302941+00
3467,marsupial,es,2026-01-09 18:00:38.768943+00
3468,salta en patas,es,2026-01-09 18:00:39.077869+00
3469,vive en australia,es,2026-01-09 18:00:39.464412+00
3470,tiene bolsa,es,2026-01-09 18:00:39.874309+00
3471,cola fuerte,es,2026-01-09 18:00:40.168556+00
3473,animal terrestre más rápido,es,2026-01-09 18:00:41.131152+00
3475,pelaje manchado,es,2026-01-09 18:00:41.903853+00
3476,cazador veloz,es,2026-01-09 18:00:42.232949+00
3478,ocho tentáculos,es,2026-01-09 18:00:43.255813+00
3479,invertebrado inteligente,es,2026-01-09 18:00:43.563521+00
3480,cambia color,es,2026-01-09 18:00:43.856867+00
3481,vive bajo agua,es,2026-01-09 18:00:44.154076+00
3484,vista excelente,es,2026-01-09 18:00:45.565805+00
3485,símbolo libertad,es,2026-01-09 18:00:45.970945+00
3486,nidos altos,es,2026-01-09 18:00:46.376104+00
3488,patrón rayado,es,2026-01-09 18:00:47.339705+00
3489,vive en asia,es,2026-01-09 18:00:47.685301+00
3490,en peligro,es,2026-01-09 18:00:48.041244+00
3491,cazador solitario,es,2026-01-09 18:00:48.369408+00
3492,caballo rayado,es,2026-01-09 18:00:48.860824+00
3494,corre en manadas,es,2026-01-09 18:00:50.171646+00
3495,herbívoro,es,2026-01-09 18:00:50.531108+00
3498,come eucalipto,es,2026-01-09 18:00:51.991786+00
3499,duerme todo día,es,2026-01-09 18:00:52.332855+00
3500,parece oso,es,2026-01-09 18:00:52.695442+00
3501,oso,es,2026-01-09 18:00:53.19572+00
3503,come bambú,es,2026-01-09 18:00:54.00563+00
3504,vive en china,es,2026-01-09 18:00:54.32195+00
3505,especie en peligro,es,2026-01-09 18:00:54.622245+00
3506,mamífero más grande,es,2026-01-09 18:00:55.195208+00
3508,respira por espiráculo,es,2026-01-09 18:00:56.01304+00
3509,canta canciones,es,2026-01-09 18:00:56.43875+00
3510,migra lejos,es,2026-01-09 18:00:56.811698+00
3511,fruta,es,2026-01-09 18:00:57.393475+00
3512,crece en árboles,es,2026-01-09 18:00:58.107731+00
3513,roja verde amarilla,es,2026-01-09 18:00:58.429941+00
3514,aleja doctor,es,2026-01-09 18:00:58.793877+00
3515,crujiente dulce,es,2026-01-09 18:00:59.143477+00
3516,fruta tropical,es,2026-01-09 18:00:59.657312+00
3517,amarillo maduro,es,2026-01-09 18:00:59.996394+00
3518,alto en potasio,es,2026-01-09 18:01:00.333999+00
3519,crece en racimos,es,2026-01-09 18:01:00.66379+00
3520,monos lo aman,es,2026-01-09 18:01:01.045729+00
3521,fruta cítrica,es,2026-01-09 18:01:01.509078+00
3522,color naranja,es,2026-01-09 18:01:01.831889+00
3523,alta en vitamina c,es,2026-01-09 18:01:02.201992+00
3524,gajos jugosos,es,2026-01-09 18:01:02.506649+00
3525,climas cálidos,es,2026-01-09 18:01:02.886107+00
3527,pulpa naranja,es,2026-01-09 18:01:04.095173+00
3528,dulce jugoso,es,2026-01-09 18:01:04.494137+00
3529,semilla grande,es,2026-01-09 18:01:04.827394+00
3530,rey de frutas,es,2026-01-09 18:01:05.181444+00
3531,fruta pequeña,es,2026-01-09 18:01:05.676662+00
3533,hace vino,es,2026-01-09 18:01:06.592783+00
3534,roja verde morada,es,2026-01-09 18:01:06.940277+00
3535,crece en vides,es,2026-01-09 18:01:07.299593+00
3536,fruta roja pequeña,es,2026-01-09 18:01:07.751952+00
3537,tiene hueso,es,2026-01-09 18:01:08.106067+00
3540,popular en tartas,es,2026-01-09 18:01:09.4857+00
3541,piel aterciopelada,es,2026-01-09 18:01:09.982359+00
3542,naranja rosado,es,2026-01-09 18:01:10.452978+00
3543,fruta de hueso jugosa,es,2026-01-09 18:01:10.787358+00
3544,sabor dulce,es,2026-01-09 18:01:11.115527+00
3546,vegetal de raíz,es,2026-01-09 18:01:12.274456+00
3548,buena para ojos,es,2026-01-09 18:01:13.111033+00
3549,textura crujiente,es,2026-01-09 18:01:13.451539+00
3550,alta vitamina a,es,2026-01-09 18:01:13.878327+00
3552,parece arbolitos,es,2026-01-09 18:01:14.874987+00
3553,crucífero,es,2026-01-09 18:01:15.197513+00
3554,rico en nutrientes,es,2026-01-09 18:01:15.518627+00
3555,cocido o crudo,es,2026-01-09 18:01:15.878435+00
3556,vegetal con almidón,es,2026-01-09 18:01:16.541397+00
3557,crece bajo tierra,es,2026-01-09 18:01:16.978575+00
3558,ingrediente versátil,es,2026-01-09 18:01:17.381268+00
3559,hace papas fritas,es,2026-01-09 18:01:17.801778+00
3560,alimento básico,es,2026-01-09 18:01:18.202829+00
3561,vegetal rojo,es,2026-01-09 18:01:18.782141+00
3562,técnicamente fruta,es,2026-01-09 18:01:19.153558+00
3563,usado en salsas,es,2026-01-09 18:01:19.466882+00
3565,jugoso ácido,es,2026-01-09 18:01:20.281597+00
3566,hoja verde,es,2026-01-09 18:01:20.813946+00
3567,usado en ensaladas,es,2026-01-09 18:01:21.134465+00
3569,bajo en calorías,es,2026-01-09 18:01:21.963514+00
3570,crece en cabezas,es,2026-01-09 18:01:22.257607+00
3572,mayormente agua,es,2026-01-09 18:01:23.242259+00
3573,sabor refrescante,es,2026-01-09 18:01:23.622486+00
3575,para ensaladas,es,2026-01-09 18:01:24.620526+00
3576,vegetal colorido,es,2026-01-09 18:01:25.129174+00
3577,rojo amarillo verde,es,2026-01-09 18:01:25.476156+00
3578,dulce o picante,es,2026-01-09 18:01:25.784555+00
3579,forma campana,es,2026-01-09 18:01:26.08414+00
3580,rico vitamina c,es,2026-01-09 18:01:26.467901+00
3581,vegetal de bulbo,es,2026-01-09 18:01:26.995651+00
3582,hace llorar,es,2026-01-09 18:01:27.322391+00
3583,tiene capas,es,2026-01-09 18:01:27.765117+00
3584,usado en cocina,es,2026-01-09 18:01:28.085955+00
3587,alta en hierro,es,2026-01-09 18:01:29.543478+00
3588,favorita popeye,es,2026-01-09 18:01:29.884293+00
3589,cocida o cruda,es,2026-01-09 18:01:30.22486+00
3590,nutritiva,es,2026-01-09 18:01:30.580434+00
3591,profesional médico,es,2026-01-09 18:01:31.093019+00
3592,trata pacientes,es,2026-01-09 18:01:31.448601+00
3593,trabaja en hospital,es,2026-01-09 18:01:31.762984+00
3594,ayuda enfermos,es,2026-01-09 18:01:32.074916+00
3595,usa bata blanca,es,2026-01-09 18:01:32.380745+00
3596,educador,es,2026-01-09 18:01:32.881514+00
3597,trabaja en escuela,es,2026-01-09 18:01:33.24581+00
3598,enseña estudiantes,es,2026-01-09 18:01:33.618019+00
3599,comparte conocimiento,es,2026-01-09 18:01:34.022366+00
3600,califica tareas,es,2026-01-09 18:01:34.398267+00
3601,diseña construye,es,2026-01-09 18:01:34.860438+00
3602,resuelve problemas técnicos,es,2026-01-09 18:01:35.156591+00
3603,usa matemáticas ciencia,es,2026-01-09 18:01:35.528181+00
3604,crea soluciones,es,2026-01-09 18:01:35.874839+00
3605,construye estructuras,es,2026-01-09 18:01:36.173924+00
3606,cocinero profesional,es,2026-01-09 18:01:36.621447+00
3607,trabaja en cocina,es,2026-01-09 18:01:36.943639+00
3608,crea platillos,es,2026-01-09 18:01:37.28714+00
3609,experto culinario,es,2026-01-09 18:01:37.636578+00
3610,sombrero blanco alto,es,2026-01-09 18:01:37.946032+00
3611,vuela aviones,es,2026-01-09 18:01:38.469671+00
3612,trabaja en aviación,es,2026-01-09 18:01:38.801722+00
3613,viaja mundo,es,2026-01-09 18:01:39.165824+00
3614,se sienta en cabina,es,2026-01-09 18:01:39.465863+00
3615,necesita licencia,es,2026-01-09 18:01:39.798939+00
3616,crea arte,es,2026-01-09 18:01:40.323679+00
3617,pinta o esculpe,es,2026-01-09 18:01:40.745777+00
3618,profesional creativo,es,2026-01-09 18:01:41.1674+00
3619,trabaja en estudio,es,2026-01-09 18:01:41.513006+00
3620,expresa visualmente,es,2026-01-09 18:01:41.82736+00
3621,trabajadora salud,es,2026-01-09 18:01:42.320791+00
3622,ayuda doctores,es,2026-01-09 18:01:42.638461+00
3623,cuida pacientes,es,2026-01-09 18:01:42.962211+00
3625,da medicina,es,2026-01-09 18:01:43.735885+00
3626,aplicación ley,es,2026-01-09 18:01:44.241471+00
3627,mantiene segura gente,es,2026-01-09 18:01:44.584829+00
3628,atrapa criminales,es,2026-01-09 18:01:44.885849+00
3629,usa uniforme,es,2026-01-09 18:01:45.283277+00
3630,maneja patrulla,es,2026-01-09 18:01:45.607334+00
3631,cultiva cosechas,es,2026-01-09 18:01:46.068604+00
3632,cría animales,es,2026-01-09 18:01:46.421451+00
3633,trabaja en tierra,es,2026-01-09 18:01:46.766699+00
3634,provee comida,es,2026-01-09 18:01:47.110481+00
3635,maneja tractor,es,2026-01-09 18:01:47.413514+00
3636,profesional legal,es,2026-01-09 18:01:47.940793+00
3637,representa clientes,es,2026-01-09 18:01:48.38904+00
3638,conoce ley,es,2026-01-09 18:01:48.70128+00
3639,trabaja en corte,es,2026-01-09 18:01:49.045685+00
3640,argumenta casos,es,2026-01-09 18:01:49.401038+00
3641,doctor de dientes,es,2026-01-09 18:01:49.869728+00
3642,limpia dientes,es,2026-01-09 18:01:50.207311+00
3643,arregla caries,es,2026-01-09 18:01:50.509335+00
3644,trabaja en clínica,es,2026-01-09 18:01:50.847324+00
3645,usa taladro,es,2026-01-09 18:01:51.254532+00
3646,crea historias,es,2026-01-09 18:01:51.757283+00
3647,usa palabras,es,2026-01-09 18:01:52.118946+00
3648,escribe libros,es,2026-01-09 18:01:52.456466+00
3650,escribe artículos,es,2026-01-09 18:01:53.272527+00
3651,interpreta música,es,2026-01-09 18:01:53.809794+00
3652,usa voz,es,2026-01-09 18:01:54.104545+00
3653,en escenario,es,2026-01-09 18:01:54.425392+00
3654,graba canciones,es,2026-01-09 18:01:54.732099+00
3655,entretiene multitudes,es,2026-01-09 18:01:55.041922+00
3656,interpreta movimiento,es,2026-01-09 18:01:55.521361+00
3658,sigue ritmo,es,2026-01-09 18:01:56.289113+00
3659,arte grácil,es,2026-01-09 18:01:56.587755+00
3660,muchos estilos,es,2026-01-09 18:01:56.900883+00
3661,toca instrumentos,es,2026-01-09 18:01:57.384038+00
3662,crea música,es,2026-01-09 18:01:57.727513+00
3663,interpreta canciones,es,2026-01-09 18:01:58.03777+00
3664,en bandas,es,2026-01-09 18:01:58.418305+00
3665,lee partituras,es,2026-01-09 18:01:58.740193+00
3666,hace pan,es,2026-01-09 18:01:59.231998+00
3667,trabaja en panadería,es,2026-01-09 18:01:59.529316+00
3668,usa horno,es,2026-01-09 18:01:59.837368+00
3669,crea pasteles,es,2026-01-09 18:02:00.220497+00
3670,trabajo madrugada,es,2026-01-09 18:02:00.53692+00
3671,arregla vehículos,es,2026-01-09 18:02:01.032687+00
3672,trabaja con herramientas,es,2026-01-09 18:02:01.372464+00
3673,repara autos,es,2026-01-09 18:02:01.782694+00
3674,en garaje,es,2026-01-09 18:02:02.184413+00
3675,conoce motores,es,2026-01-09 18:02:02.534689+00
3676,arregla tuberías,es,2026-01-09 18:02:03.13239+00
3677,trabaja con agua,es,2026-01-09 18:02:03.530035+00
3678,repara fugas,es,2026-01-09 18:02:03.823364+00
3679,instala accesorios,es,2026-01-09 18:02:04.128455+00
3680,usa llave,es,2026-01-09 18:02:04.511921+00
3681,aplica pintura,es,2026-01-09 18:02:04.983556+00
3682,decora paredes,es,2026-01-09 18:02:05.347335+00
3683,usa brochas,es,2026-01-09 18:02:05.725842+00
3684,mezcla colores,es,2026-01-09 18:02:06.066919+00
3685,trabaja en casas,es,2026-01-09 18:02:06.453097+00
3686,cuida plantas,es,2026-01-09 18:02:07.253684+00
3687,trabaja afuera,es,2026-01-09 18:02:07.6247+00
3688,cultiva flores,es,2026-01-09 18:02:07.942748+00
3689,mantiene césped,es,2026-01-09 18:02:08.265374+00
3690,usa herramientas,es,2026-01-09 18:02:08.560677+00
3691,hace investigación,es,2026-01-09 18:02:09.097544+00
3692,estudia naturaleza,es,2026-01-09 18:02:09.413239+00
3693,realiza experimentos,es,2026-01-09 18:02:09.739854+00
3694,descubre cosas,es,2026-01-09 18:02:10.096093+00
3695,trabaja en laboratorio,es,2026-01-09 18:02:10.435584+00
3696,trabaja con madera,es,2026-01-09 18:02:11.023696+00
3697,construye muebles,es,2026-01-09 18:02:11.333412+00
3698,usa sierra,es,2026-01-09 18:02:11.694999+00
3699,crea estructuras,es,2026-01-09 18:02:12.007354+00
3700,artesano hábil,es,2026-01-09 18:02:12.332522+00
3701,diseña edificios,es,2026-01-09 18:02:12.820148+00
3702,dibuja planos,es,2026-01-09 18:02:13.115454+00
3704,usa computadora,es,2026-01-09 18:02:13.952604+00
3705,ingeniero artístico,es,2026-01-09 18:02:14.32559+00
3706,reporta noticias,es,2026-01-09 18:02:14.819243+00
3708,investiga historias,es,2026-01-09 18:02:15.628885+00
3709,entrevista personas,es,2026-01-09 18:02:15.970953+00
3710,trabaja para medios,es,2026-01-09 18:02:16.291051+00
3711,trabaja con números,es,2026-01-09 18:02:17.111964+00
3712,hace impuestos,es,2026-01-09 18:02:17.489698+00
3713,experto financiero,es,2026-01-09 18:02:17.83766+00
3715,trabajadora oficina,es,2026-01-09 18:02:18.911989+00
3716,contesta teléfonos,es,2026-01-09 18:02:19.253433+00
3717,agenda reuniones,es,2026-01-09 18:02:19.554463+00
3718,maneja archivos,es,2026-01-09 18:02:19.882717+00
3719,ayuda ejecutivos,es,2026-01-09 18:02:20.316702+00
3720,lidera equipo,es,2026-01-09 18:02:20.859318+00
3721,toma decisiones,es,2026-01-09 18:02:21.224163+00
3722,organiza trabajo,es,2026-01-09 18:02:21.557433+00
3723,supervisa personas,es,2026-01-09 18:02:21.956466+00
3724,dirige negocio,es,2026-01-09 18:02:22.328367+00
3725,vende productos,es,2026-01-09 18:02:22.853822+00
3726,habla con clientes,es,2026-01-09 18:02:23.214827+00
3727,gana comisión,es,2026-01-09 18:02:23.59098+00
3728,persuasivo,es,2026-01-09 18:02:23.964887+00
3729,trabaja en tienda,es,2026-01-09 18:02:24.273036+00
3730,maneja dinero,es,2026-01-09 18:02:24.844465+00
3731,trabaja en registro,es,2026-01-09 18:02:25.21285+00
3732,atiende clientes,es,2026-01-09 18:02:25.564712+00
3733,en tiendas,es,2026-01-09 18:02:25.881244+00
3734,cuenta cambio,es,2026-01-09 18:02:26.226314+00
3735,sirve comida,es,2026-01-09 18:02:26.712863+00
3736,trabaja en restaurante,es,2026-01-09 18:02:27.132539+00
3737,toma órdenes,es,2026-01-09 18:02:27.503276+00
3738,trae platillos,es,2026-01-09 18:02:27.993723+00
3739,gana propinas,es,2026-01-09 18:02:28.317963+00
3740,hace bebidas,es,2026-01-09 18:02:28.83099+00
3741,trabaja en bar,es,2026-01-09 18:02:29.177718+00
3742,sirve bebidas,es,2026-01-09 18:02:29.486936+00
3743,mezcla cocteles,es,2026-01-09 18:02:29.785591+00
3745,corta cabello,es,2026-01-09 18:02:30.807223+00
3746,trabaja en salón,es,2026-01-09 18:02:31.121571+00
3747,usa tijeras,es,2026-01-09 18:02:31.479241+00
3748,peina cabello,es,2026-01-09 18:02:31.799475+00
3749,da afeitadas,es,2026-01-09 18:02:32.109283+00
3750,cose ropa,es,2026-01-09 18:02:32.630134+00
3751,altera prendas,es,2026-01-09 18:02:32.926092+00
3752,usa aguja,es,2026-01-09 18:02:33.295869+00
3753,mide tela,es,2026-01-09 18:02:33.59987+00
3754,ajustes personalizados,es,2026-01-09 18:02:33.924239+00
3755,en militar,es,2026-01-09 18:02:34.411602+00
3756,defiende país,es,2026-01-09 18:02:34.747031+00
3758,luchador entrenado,es,2026-01-09 18:02:35.640355+00
3759,sigue órdenes,es,2026-01-09 18:02:35.945461+00
3760,combate incendios,es,2026-01-09 18:02:36.510506+00
3761,salva vidas,es,2026-01-09 18:02:36.884845+00
3762,héroe valiente,es,2026-01-09 18:02:37.228271+00
3763,usa manguera,es,2026-01-09 18:02:37.587624+00
3764,usa equipo protector,es,2026-01-09 18:02:37.87789+00
3765,médico emergencia,es,2026-01-09 18:02:38.383484+00
3767,maneja ambulancia,es,2026-01-09 18:02:39.555854+00
3768,primer respondedor,es,2026-01-09 18:02:39.882574+00
3769,trata lesiones,es,2026-01-09 18:02:40.223942+00
3770,convierte idiomas,es,2026-01-09 18:02:40.720676+00
3771,conoce múltiples idiomas,es,2026-01-09 18:02:41.051851+00
3772,interpreta habla,es,2026-01-09 18:02:41.39265+00
3773,trabaja con texto,es,2026-01-09 18:02:41.751607+00
3774,puente cultural,es,2026-01-09 18:02:42.166524+00
3775,dispensa medicina,es,2026-01-09 18:02:42.669125+00
3776,trabaja en farmacia,es,2026-01-09 18:02:42.986186+00
3777,conoce drogas,es,2026-01-09 18:02:43.323116+00
3778,surte recetas,es,2026-01-09 18:02:43.668246+00
3779,experto salud,es,2026-01-09 18:02:43.973831+00
3780,juega deportes,es,2026-01-09 18:02:44.489143+00
3781,muy en forma,es,2026-01-09 18:02:44.82511+00
3782,compite,es,2026-01-09 18:02:45.122597+00
3783,entrena diario,es,2026-01-09 18:02:45.418617+00
3784,gana medallas,es,2026-01-09 18:02:45.758173+00
3785,entrena atletas,es,2026-01-09 18:02:46.206892+00
3786,enseña deportes,es,2026-01-09 18:02:46.545775+00
3787,motiva equipo,es,2026-01-09 18:02:47.119002+00
3788,planea estrategia,es,2026-01-09 18:02:47.425618+00
3789,en línea lateral,es,2026-01-09 18:02:47.750326+00
3790,juzga juegos,es,2026-01-09 18:02:48.245529+00
3791,aplica reglas,es,2026-01-09 18:02:48.624829+00
3792,usa rayas,es,2026-01-09 18:02:48.950598+00
3793,silba,es,2026-01-09 18:02:49.338753+00
3794,hace llamadas,es,2026-01-09 18:02:49.731066+00
3795,lidera barco,es,2026-01-09 18:02:50.415019+00
3796,a cargo,es,2026-01-09 18:02:50.760295+00
3797,navega nave,es,2026-01-09 18:02:51.180137+00
3798,comanda tripulación,es,2026-01-09 18:02:51.633276+00
3799,en el mar,es,2026-01-09 18:02:51.948405+00
3800,resuelve crímenes,es,2026-01-09 18:02:52.438021+00
3801,investiga,es,2026-01-09 18:02:52.757267+00
3802,encuentra pistas,es,2026-01-09 18:02:53.126513+00
3803,trabaja para policía,es,2026-01-09 18:02:53.430565+00
3804,pensador inteligente,es,2026-01-09 18:02:53.787978+00
3805,provee seguridad,es,2026-01-09 18:02:54.276697+00
3806,vigila,es,2026-01-09 18:02:54.746692+00
3807,protege propiedad,es,2026-01-09 18:02:55.101819+00
3808,en uniforme,es,2026-01-09 18:02:55.428137+00
3809,permanece alerta,es,2026-01-09 18:02:55.728683+00
3810,preside corte,es,2026-01-09 18:02:56.238639+00
3811,hace fallos,es,2026-01-09 18:02:56.567525+00
3812,interpreta ley,es,2026-01-09 18:02:56.874625+00
3813,usa toga,es,2026-01-09 18:02:57.228744+00
3814,muy justo,es,2026-01-09 18:02:57.558604+00
3815,líder ciudad,es,2026-01-09 18:02:58.005533+00
3816,oficial electo,es,2026-01-09 18:02:58.362506+00
3818,dirige gobierno,es,2026-01-09 18:02:59.157156+00
3819,sirve comunidad,es,2026-01-09 18:02:59.462975+00
3820,líder religioso,es,2026-01-09 18:02:59.971114+00
3821,da sermones,es,2026-01-09 18:03:00.279317+00
3822,trabaja en iglesia,es,2026-01-09 18:03:00.691128+00
3823,guía espiritual,es,2026-01-09 18:03:01.007003+00
3824,realiza ceremonias,es,2026-01-09 18:03:01.304268+00
3825,enseña universidad,es,2026-01-09 18:03:01.852466+00
3826,experto en campo,es,2026-01-09 18:03:02.186828+00
3829,en universidad,es,2026-01-09 18:03:03.782804+00
3830,da consejos,es,2026-01-09 18:03:04.259197+00
3831,ayuda personas,es,2026-01-09 18:03:04.567097+00
3832,escucha cuidadosamente,es,2026-01-09 18:03:04.886579+00
3833,resuelve problemas,es,2026-01-09 18:03:05.208517+00
3834,apoyador,es,2026-01-09 18:03:05.572634+00
3835,lidera producción,es,2026-01-09 18:03:06.093468+00
3836,hace películas,es,2026-01-09 18:03:06.467452+00
3837,líder creativo,es,2026-01-09 18:03:06.775672+00
3838,guía actores,es,2026-01-09 18:03:07.231722+00
3839,visión artística,es,2026-01-09 18:03:07.5329+00
3840,maneja proyectos,es,2026-01-09 18:03:07.982105+00
3841,supervisa creación,es,2026-01-09 18:03:08.278555+00
3842,maneja presupuesto,es,2026-01-09 18:03:08.576758+00
3843,coordina equipo,es,2026-01-09 18:03:08.926804+00
3845,revisa texto,es,2026-01-09 18:03:09.863878+00
3846,mejora escritura,es,2026-01-09 18:03:10.206886+00
3847,corta video,es,2026-01-09 18:03:10.662853+00
3848,atención al detalle,es,2026-01-09 18:03:10.963797+00
3849,trabaja con contenido,es,2026-01-09 18:03:11.319994+00
3850,crea visuales,es,2026-01-09 18:03:11.84927+00
3851,trabajo artístico,es,2026-01-09 18:03:12.145915+00
3852,usa software,es,2026-01-09 18:03:12.531753+00
3853,hace diseños,es,2026-01-09 18:03:12.910652+00
3854,pensamiento creativo,es,2026-01-09 18:03:13.218134+00
3855,enseña habilidades,es,2026-01-09 18:03:13.67533+00
3856,entrena personas,es,2026-01-09 18:03:14.010085+00
3857,explica conceptos,es,2026-01-09 18:03:14.346624+00
3858,maestro paciente,es,2026-01-09 18:03:14.674657+00
3859,comparte experiencia,es,2026-01-09 18:03:15.004257+00
3860,da consejo experto,es,2026-01-09 18:03:15.492988+00
3862,trabaja con clientes,es,2026-01-09 18:03:16.418209+00
3863,conocimiento especializado,es,2026-01-09 18:03:16.767638+00
3864,independiente,es,2026-01-09 18:03:17.13284+00
3865,estudia temas,es,2026-01-09 18:03:17.599379+00
3866,recopila datos,es,2026-01-09 18:03:17.938772+00
3867,analiza información,es,2026-01-09 18:03:18.303789+00
3868,descubre hechos,es,2026-01-09 18:03:18.65762+00
3869,escribe reportes,es,2026-01-09 18:03:19.230513+00
3870,examina datos,es,2026-01-09 18:03:19.784683+00
3871,encuentra patrones,es,2026-01-09 18:03:20.122374+00
3872,hace predicciones,es,2026-01-09 18:03:20.479626+00
3873,usa estadísticas,es,2026-01-09 18:03:20.785254+00
3875,arregla equipos,es,2026-01-09 18:03:21.767944+00
3876,habilidades técnicas,es,2026-01-09 18:03:22.120649+00
3878,mantiene sistemas,es,2026-01-09 18:03:22.998987+00
3879,soluciona problemas,es,2026-01-09 18:03:23.34385+00
3880,verifica calidad,es,2026-01-09 18:03:23.822357+00
3881,asegura estándares,es,2026-01-09 18:03:24.130064+00
3882,examina cuidadosamente,es,2026-01-09 18:03:24.460165+00
3883,aprueba trabajo,es,2026-01-09 18:03:24.799572+00
3884,encuentra defectos,es,2026-01-09 18:03:25.15937+00
3885,maneja máquinas,es,2026-01-09 18:03:25.698463+00
3886,controla equipos,es,2026-01-09 18:03:26.082287+00
3887,sigue procedimientos,es,2026-01-09 18:03:26.38261+00
3888,monitorea sistemas,es,2026-01-09 18:03:26.771994+00
3889,trabajo técnico,es,2026-01-09 18:03:27.189438+00
3890,ayuda otros,es,2026-01-09 18:03:27.946226+00
3891,apoya trabajo,es,2026-01-09 18:03:28.296576+00
3892,sigue direcciones,es,2026-01-09 18:03:28.648701+00
3893,persona organizada,es,2026-01-09 18:03:28.944575+00
3894,multitarea,es,2026-01-09 18:03:29.399611+00
3896,conocimiento enfocado,es,2026-01-09 18:03:30.383723+00
3897,profesional hábil,es,2026-01-09 18:03:30.69079+00
3898,resuelve problemas complejos,es,2026-01-09 18:03:31.243384+00
3899,consultado,es,2026-01-09 18:03:31.558407+00
3900,supervisa trabajadores,es,2026-01-09 18:03:32.055466+00
3901,maneja equipo,es,2026-01-09 18:03:32.425211+00
3902,asegura calidad,es,2026-01-09 18:03:32.746999+00
3903,da dirección,es,2026-01-09 18:03:33.034226+00
3904,monitorea progreso,es,2026-01-09 18:03:33.331913+00
3905,líder alto nivel,es,2026-01-09 18:03:33.867289+00
3906,hace grandes decisiones,es,2026-01-09 18:03:34.262768+00
3907,dirige compañía,es,2026-01-09 18:03:34.556143+00
3908,pensador estratégico,es,2026-01-09 18:03:34.856443+00
3910,formación alta tierra,es,2026-01-09 18:03:35.78071+00
3911,pico arriba,es,2026-01-09 18:03:36.072706+00
3912,terreno rocoso,es,2026-01-09 18:03:36.36237+00
3913,nieve encima,es,2026-01-09 18:03:36.666406+00
3914,desafío escaladores,es,2026-01-09 18:03:36.986765+00
3915,gran cuerpo agua,es,2026-01-09 18:03:37.484363+00
3917,cubre tierra,es,2026-01-09 18:03:38.354301+00
3920,muchos árboles,es,2026-01-09 18:03:39.841718+00
3921,animales viven aquí,es,2026-01-09 18:03:40.154254+00
3922,aire fresco,es,2026-01-09 18:03:40.451052+00
3923,lugar senderismo,es,2026-01-09 18:03:40.74627+00
3924,vegetación densa,es,2026-01-09 18:03:41.085827+00
3925,tierra muy seca,es,2026-01-09 18:03:41.67544+00
3926,poca lluvia,es,2026-01-09 18:03:42.03253+00
3927,clima caliente,es,2026-01-09 18:03:42.377491+00
3928,dunas arena,es,2026-01-09 18:03:42.734062+00
3929,crecen cactus,es,2026-01-09 18:03:43.038143+00
3930,tierra en agua,es,2026-01-09 18:03:43.470593+00
3931,puede ser tropical,es,2026-01-09 18:03:44.300475+00
3932,alcanzada por barco,es,2026-01-09 18:03:44.668487+00
3933,lugar vacaciones,es,2026-01-09 18:03:44.983923+00
3934,costa arenosa,es,2026-01-09 18:03:45.473854+00
3935,junto océano,es,2026-01-09 18:03:45.799557+00
3936,olas rompen,es,2026-01-09 18:03:46.137834+00
3938,se encuentran conchas,es,2026-01-09 18:03:46.924632+00
3939,cuerpo agua,es,2026-01-09 18:03:47.413231+00
3940,rodeado por tierra,es,2026-01-09 18:03:47.795387+00
3943,superficie calmada,es,2026-01-09 18:03:49.082502+00
3944,área baja,es,2026-01-09 18:03:49.590648+00
3945,entre montañas,es,2026-01-09 18:03:49.889367+00
3946,ríos fluyen por,es,2026-01-09 18:03:50.202322+00
3947,tierra fértil,es,2026-01-09 18:03:50.553156+00
3948,vista escénica,es,2026-01-09 18:03:50.930259+00
3949,suelo elevado,es,2026-01-09 18:03:51.381189+00
3950,más pequeña que montaña,es,2026-01-09 18:03:51.779499+00
3951,se puede escalar,es,2026-01-09 18:03:52.081599+00
3952,paisaje ondulado,es,2026-01-09 18:03:52.434782+00
3953,vistas escénicas,es,2026-01-09 18:03:52.738701+00
3954,espacio subterráneo,es,2026-01-09 18:03:53.243924+00
3955,oscura dentro,es,2026-01-09 18:03:53.550789+00
3956,murciélagos viven aquí,es,2026-01-09 18:03:53.913511+00
3957,formación natural,es,2026-01-09 18:03:54.215045+00
3958,cuelgan estalactitas,es,2026-01-09 18:03:54.512321+00
3959,montaña con cráter,es,2026-01-09 18:03:54.98484+00
3960,erupciona lava,es,2026-01-09 18:03:55.335275+00
3963,forma islas,es,2026-01-09 18:03:56.678044+00
3964,hielo enorme,es,2026-01-09 18:03:57.164795+00
3965,se mueve lentamente,es,2026-01-09 18:03:57.535315+00
3966,en regiones frías,es,2026-01-09 18:03:57.925307+00
3967,se derrite en verano,es,2026-01-09 18:03:58.236465+00
3968,color azul,es,2026-01-09 18:03:58.52995+00
3969,valle profundo,es,2026-01-09 18:03:59.008229+00
3970,lados empinados,es,2026-01-09 18:03:59.312593+00
3971,tallado por agua,es,2026-01-09 18:03:59.658152+00
3972,paisaje dramático,es,2026-01-09 18:03:59.983501+00
3973,destino senderismo,es,2026-01-09 18:04:00.483606+00
3974,tierra plana,es,2026-01-09 18:04:01.04766+00
3975,espacio abierto amplio,es,2026-01-09 18:04:01.415059+00
3976,buena para agricultura,es,2026-01-09 18:04:01.800974+00
3977,pocos árboles,es,2026-01-09 18:04:02.138285+00
3978,pastizales,es,2026-01-09 18:04:02.480477+00
3979,campo con pasto,es,2026-01-09 18:04:03.062797+00
3980,crecen flores,es,2026-01-09 18:04:03.386173+00
3981,lugar pacífico,es,2026-01-09 18:04:03.766778+00
3982,animales pastan,es,2026-01-09 18:04:04.119893+00
3983,en campo,es,2026-01-09 18:04:04.44687+00
3984,área húmeda,es,2026-01-09 18:04:04.926713+00
3985,suelo lodoso,es,2026-01-09 18:04:05.265838+00
3986,viven caimanes,es,2026-01-09 18:04:05.656337+00
3987,mosquitos abundantes,es,2026-01-09 18:04:06.007197+00
3988,árboles en agua,es,2026-01-09 18:04:06.325634+00
3989,bosque tropical,es,2026-01-09 18:04:06.822242+00
3990,muy denso,es,2026-01-09 18:04:07.110169+00
3991,muchos animales,es,2026-01-09 18:04:07.409983+00
3992,caliente húmedo,es,2026-01-09 18:04:07.767798+00
3993,vegetación espesa,es,2026-01-09 18:04:08.073886+00
3994,región fría,es,2026-01-09 18:04:08.575982+00
3995,suelo congelado,es,2026-01-09 18:04:08.871557+00
3997,área ártica,es,2026-01-09 18:04:09.69705+00
3998,veranos cortos,es,2026-01-09 18:04:10.122742+00
3999,cara roca empinada,es,2026-01-09 18:04:10.566102+00
4000,borde alto,es,2026-01-09 18:04:10.900464+00
4001,vistas océano,es,2026-01-09 18:04:11.243462+00
4002,caída peligrosa,es,2026-01-09 18:04:11.673262+00
4003,anidan aves,es,2026-01-09 18:04:12.011706+00
4004,estructura submarina,es,2026-01-09 18:04:12.467453+00
4005,formación coral,es,2026-01-09 18:04:12.761461+00
4006,peces coloridos,es,2026-01-09 18:04:13.116851+00
4007,en aguas cálidas,es,2026-01-09 18:04:13.436874+00
4008,ecosistema,es,2026-01-09 18:04:13.778361+00
4009,fuente agua,es,2026-01-09 18:04:14.298193+00
4010,fluye de tierra,es,2026-01-09 18:04:14.656162+00
4012,fuente natural,es,2026-01-09 18:04:15.541285+00
4013,puede ser caliente,es,2026-01-09 18:04:15.853048+00
4014,humedal,es,2026-01-09 18:04:16.348134+00
4015,área con pasto,es,2026-01-09 18:04:16.72256+00
4016,aves viven aquí,es,2026-01-09 18:04:17.072796+00
4017,agua poco profunda,es,2026-01-09 18:04:17.386912+00
4019,deporte equipo,es,2026-01-09 18:04:18.486683+00
4020,pelota redonda,es,2026-01-09 18:04:18.792108+00
4021,patear goles,es,2026-01-09 18:04:19.12531+00
4022,sin manos,es,2026-01-09 18:04:19.47225+00
4023,copa mundial,es,2026-01-09 18:04:19.786679+00
4025,pelota naranja,es,2026-01-09 18:04:20.828509+00
4026,aro y red,es,2026-01-09 18:04:21.176958+00
4027,driblar y tirar,es,2026-01-09 18:04:21.497613+00
4028,cancha interior,es,2026-01-09 18:04:21.857155+00
4029,bate y pelota,es,2026-01-09 18:04:22.400967+00
4030,campo diamante,es,2026-01-09 18:04:22.736258+00
4031,jonrones,es,2026-01-09 18:04:23.068858+00
4032,nueve entradas,es,2026-01-09 18:04:23.378599+00
4033,lanzador tira,es,2026-01-09 18:04:23.690407+00
4034,deporte raqueta,es,2026-01-09 18:04:24.15872+00
4035,pelota amarilla,es,2026-01-09 18:04:24.500093+00
4036,red divide cancha,es,2026-01-09 18:04:24.845248+00
4037,individual o dobles,es,2026-01-09 18:04:25.288254+00
4038,amor significa cero,es,2026-01-09 18:04:25.644655+00
4040,golpear sobre red,es,2026-01-09 18:04:26.627463+00
4041,playa o interior,es,2026-01-09 18:04:26.995139+00
4042,toque remate bloqueo,es,2026-01-09 18:04:27.330898+00
4043,seis jugadores,es,2026-01-09 18:04:27.67741+00
4045,hielo o campo,es,2026-01-09 18:04:28.684221+00
4046,disco o pelota,es,2026-01-09 18:04:29.009814+00
4047,goles anotados,es,2026-01-09 18:04:29.360891+00
4048,se usan palos,es,2026-01-09 18:04:29.745823+00
4049,deporte palo,es,2026-01-09 18:04:30.290318+00
4050,pelota pequeña,es,2026-01-09 18:04:30.634973+00
4051,dieciocho hoyos,es,2026-01-09 18:04:30.9795+00
4052,puntaje más bajo gana,es,2026-01-09 18:04:31.327527+00
4053,juego pacífico,es,2026-01-09 18:04:31.647953+00
4054,deporte agua,es,2026-01-09 18:04:32.226263+00
4055,diferentes estilos,es,2026-01-09 18:04:32.554148+00
4056,carreras o ocio,es,2026-01-09 18:04:33.560844+00
4057,buen ejercicio,es,2026-01-09 18:04:33.874475+00
4058,en piscina u océano,es,2026-01-09 18:04:34.232201+00
4059,deporte combate,es,2026-01-09 18:04:34.802777+00
4060,usar guantes,es,2026-01-09 18:04:35.212255+00
4061,en ring,es,2026-01-09 18:04:35.537091+00
4062,nocaut gana,es,2026-01-09 18:04:35.86686+00
4063,rondas cronometradas,es,2026-01-09 18:04:36.270939+00
4065,agarre,es,2026-01-09 18:04:37.479024+00
4066,inmoviliza oponente,es,2026-01-09 18:04:37.817008+00
4067,en colchoneta,es,2026-01-09 18:04:38.130926+00
4068,categorías peso,es,2026-01-09 18:04:38.446225+00
4069,deporte pista,es,2026-01-09 18:04:39.033107+00
4070,carreras,es,2026-01-09 18:04:39.45831+00
4071,diferentes distancias,es,2026-01-09 18:04:39.780654+00
4072,sprints o maratón,es,2026-01-09 18:04:40.150497+00
4073,buen cardio,es,2026-01-09 18:04:40.467643+00
4074,deporte bicicleta,es,2026-01-09 18:04:41.028372+00
4076,diferentes terrenos,es,2026-01-09 18:04:41.894901+00
4077,tour de francia,es,2026-01-09 18:04:42.242181+00
4078,poder pedales,es,2026-01-09 18:04:42.592467+00
4079,deporte invierno,es,2026-01-09 18:04:43.1213+00
4080,pistas nieve,es,2026-01-09 18:04:43.452961+00
4081,bajada rápida,es,2026-01-09 18:04:43.767479+00
4083,clima frío,es,2026-01-09 18:04:44.618339+00
4084,hielo o ruedas,es,2026-01-09 18:04:45.160044+00
4085,deslizar suavemente,es,2026-01-09 18:04:45.479318+00
4086,patinaje artístico,es,2026-01-09 18:04:45.847789+00
4087,movimientos artísticos,es,2026-01-09 18:04:46.241698+00
4088,se necesita equilibrio,es,2026-01-09 18:04:46.619182+00
4090,montar olas,es,2026-01-09 18:04:47.59623+00
4091,en tabla,es,2026-01-09 18:04:47.901202+00
4092,habilidad equilibrio,es,2026-01-09 18:04:48.232839+00
4093,playas océano,es,2026-01-09 18:04:48.58781+00
4094,deporte vertical,es,2026-01-09 18:04:49.125649+00
4095,roca o montaña,es,2026-01-09 18:04:49.469075+00
4096,se usan cuerdas,es,2026-01-09 18:04:49.790133+00
4097,se necesita fuerza,es,2026-01-09 18:04:50.184844+00
4098,alcanzar cumbre,es,2026-01-09 18:04:50.505675+00
4099,arco y flecha,es,2026-01-09 18:04:51.012844+00
4100,dar en blanco,es,2026-01-09 18:04:51.36968+00
4101,deporte antiguo,es,2026-01-09 18:04:51.692129+00
4102,se necesita precisión,es,2026-01-09 18:04:52.041619+00
4103,diana,es,2026-01-09 18:04:52.459381+00
4104,deporte interior,es,2026-01-09 18:04:52.999402+00
4105,rodar pelota,es,2026-01-09 18:04:53.315497+00
4106,derribar pinos,es,2026-01-09 18:04:53.675332+00
4107,strike o spare,es,2026-01-09 18:04:53.985799+00
4108,carriles,es,2026-01-09 18:04:54.346615+00
4109,atrapar peces,es,2026-01-09 18:04:54.855369+00
4110,caña y carrete,es,2026-01-09 18:04:55.166096+00
4111,se usa carnada,es,2026-01-09 18:04:55.556238+00
4112,se necesita paciencia,es,2026-01-09 18:04:55.893077+00
4113,actividad relajante,es,2026-01-09 18:04:56.210916+00
4114,atrapar animales,es,2026-01-09 18:04:56.738726+00
4115,actividad exterior,es,2026-01-09 18:04:57.083762+00
4116,requiere habilidad,es,2026-01-09 18:04:57.420284+00
4117,usa armas,es,2026-01-09 18:04:57.777602+00
4118,por temporada,es,2026-01-09 18:04:58.154228+00
4119,actividad agua,es,2026-01-09 18:04:58.679004+00
4120,usar viento,es,2026-01-09 18:04:59.007834+00
4121,en barco,es,2026-01-09 18:04:59.3353+00
4122,habilidad náutica,es,2026-01-09 18:04:59.695641+00
4123,viaje pacífico,es,2026-01-09 18:05:00.019043+00
4125,bajo agua,es,2026-01-09 18:05:01.088452+00
4126,equipo scuba,es,2026-01-09 18:05:01.440521+00
4127,explorar arrecifes,es,2026-01-09 18:05:01.789982+00
4128,respirar de tanque,es,2026-01-09 18:05:02.13508+00
4129,correr lentamente,es,2026-01-09 18:05:02.654748+00
4130,ejercicio,es,2026-01-09 18:05:03.119222+00
4131,ritmo constante,es,2026-01-09 18:05:03.511569+00
4134,caminar senderos,es,2026-01-09 18:05:05.078861+00
4135,actividad naturaleza,es,2026-01-09 18:05:05.385663+00
4136,montañas o bosques,es,2026-01-09 18:05:05.744055+00
4137,se lleva mochila,es,2026-01-09 18:05:06.148747+00
4139,dormir exterior,es,2026-01-09 18:05:07.178574+00
4140,en tienda,es,2026-01-09 18:05:07.487926+00
4141,fogata,es,2026-01-09 18:05:07.825142+00
4142,experiencia naturaleza,es,2026-01-09 18:05:08.172568+00
4143,bajo estrellas,es,2026-01-09 18:05:08.487328+00
4145,remar bote,es,2026-01-09 18:05:09.528556+00
4146,ríos o lagos,es,2026-01-09 18:05:09.922813+00
4147,sentado en bote,es,2026-01-09 18:05:10.25708+00
4149,clase ejercicio,es,2026-01-09 18:05:11.796855+00
4150,movimientos rítmicos,es,2026-01-09 18:05:12.156451+00
4151,entrenamiento cardio,es,2026-01-09 18:05:12.499851+00
4152,se toca música,es,2026-01-09 18:05:12.869092+00
4153,actividad grupo,es,2026-01-09 18:05:13.182042+00
4154,entrenamiento combate,es,2026-01-09 18:05:13.702676+00
4155,defensa personal,es,2026-01-09 18:05:14.063623+00
4156,disciplina,es,2026-01-09 18:05:14.402819+00
4157,rangos cinturón,es,2026-01-09 18:05:14.763853+00
4158,varios estilos,es,2026-01-09 18:05:15.101661+00
4159,movimiento rítmico,es,2026-01-09 18:05:16.082993+00
4160,con música,es,2026-01-09 18:05:16.473745+00
4161,expresión artística,es,2026-01-09 18:05:16.855348+00
4163,solo o pareja,es,2026-01-09 18:05:17.808585+00
4164,competencia velocidad,es,2026-01-09 18:05:18.328507+00
4165,autos o personas,es,2026-01-09 18:05:18.657982+00
4166,más rápido gana,es,2026-01-09 18:05:19.027824+00
4167,pista o carretera,es,2026-01-09 18:05:19.332079+00
4168,emocionante,es,2026-01-09 18:05:19.681574+00
4169,brincar alto,es,2026-01-09 18:05:20.200412+00
4170,movimiento atlético,es,2026-01-09 18:05:20.558218+00
4171,sobre obstáculos,es,2026-01-09 18:05:20.886373+00
4172,largo o alto,es,2026-01-09 18:05:21.285518+00
4173,poder explosivo,es,2026-01-09 18:05:21.69078+00
4174,propulsar objeto,es,2026-01-09 18:05:22.275932+00
4175,habilidad atlética,es,2026-01-09 18:05:22.625339+00
4176,jabalina o disco,es,2026-01-09 18:05:23.011813+00
4177,distancia o precisión,es,2026-01-09 18:05:23.320934+00
4179,dispositivo electrónico,es,2026-01-09 18:05:24.350095+00
4180,tiene pantalla,es,2026-01-09 18:05:24.680862+00
4181,procesa datos,es,2026-01-09 18:05:25.042177+00
4182,teclado y ratón,es,2026-01-09 18:05:25.405211+00
4183,ejecuta programas,es,2026-01-09 18:05:25.824103+00
4184,dispositivo comunicación,es,2026-01-09 18:05:26.411041+00
4186,tiene números,es,2026-01-09 18:05:27.342462+00
4187,móvil o fijo,es,2026-01-09 18:05:27.689292+00
4188,conecta personas,es,2026-01-09 18:05:28.012128+00
4189,dispositivo pantalla,es,2026-01-09 18:05:28.567989+00
4190,muestra programas,es,2026-01-09 18:05:28.934461+00
4191,entretenimiento,es,2026-01-09 18:05:29.252794+00
4192,canales,es,2026-01-09 18:05:29.591469+00
4193,control remoto,es,2026-01-09 18:05:29.901884+00
4194,toma fotos,es,2026-01-09 18:05:30.398198+00
4195,captura imágenes,es,2026-01-09 18:05:30.748033+00
4196,tiene lente,es,2026-01-09 18:05:31.133551+00
4197,digital o película,es,2026-01-09 18:05:31.516786+00
4198,preserva recuerdos,es,2026-01-09 18:05:31.837827+00
4199,electrodoméstico cocina,es,2026-01-09 18:05:32.439126+00
4200,calienta comida,es,2026-01-09 18:05:32.778592+00
4201,usa ondas,es,2026-01-09 18:05:33.128067+00
4202,cocina rápida,es,2026-01-09 18:05:33.468373+00
4203,tiene temporizador,es,2026-01-09 18:05:33.811409+00
4204,limpia pisos,es,2026-01-09 18:05:34.297727+00
4205,succiona suciedad,es,2026-01-09 18:05:34.653406+00
4206,herramienta hogar,es,2026-01-09 18:05:35.010354+00
4207,tiene motor,es,2026-01-09 18:05:35.420934+00
4208,elimina polvo,es,2026-01-09 18:05:35.838834+00
4209,hace tostadas,es,2026-01-09 18:05:36.336595+00
4210,calienta pan,es,2026-01-09 18:05:36.658789+00
4212,salta,es,2026-01-09 18:05:37.469523+00
4213,niveles dorado,es,2026-01-09 18:05:37.776185+00
4214,mezcla comida,es,2026-01-09 18:05:38.294454+00
4216,hace batidos,es,2026-01-09 18:05:39.123842+00
4217,cuchillas afiladas,es,2026-01-09 18:05:39.464445+00
4218,licúa,es,2026-01-09 18:05:39.835653+00
4219,quita arrugas,es,2026-01-09 18:05:40.38824+00
4220,se calienta,es,2026-01-09 18:05:40.694253+00
4221,plancha ropa,es,2026-01-09 18:05:41.156247+00
4222,opción vapor,es,2026-01-09 18:05:41.532826+00
4224,calienta habitación,es,2026-01-09 18:05:42.467588+00
4226,usa electricidad,es,2026-01-09 18:05:43.243587+00
4227,control temperatura,es,2026-01-09 18:05:43.561498+00
4228,electrodoméstico hogar,es,2026-01-09 18:05:44.001861+00
4229,reproduce sonido,es,2026-01-09 18:05:44.505732+00
4230,para música,es,2026-01-09 18:05:44.851246+00
4231,amplifica audio,es,2026-01-09 18:05:45.163737+00
4232,opción inalámbrica,es,2026-01-09 18:05:45.477559+00
4233,tiene volumen,es,2026-01-09 18:05:45.790603+00
4234,hace copias,es,2026-01-09 18:05:46.396369+00
4235,usa papel,es,2026-01-09 18:05:46.716462+00
4236,cartuchos tinta,es,2026-01-09 18:05:47.102118+00
4237,dispositivo oficina,es,2026-01-09 18:05:47.446681+00
4238,imprime documentos,es,2026-01-09 18:05:47.749675+00
4239,digitaliza documentos,es,2026-01-09 18:05:48.389867+00
4240,crea imágenes,es,2026-01-09 18:05:48.789547+00
4242,copia a computadora,es,2026-01-09 18:05:49.652101+00
4244,dispositivo internet,es,2026-01-09 18:05:50.706534+00
4245,conecta wifi,es,2026-01-09 18:05:51.066529+00
4246,hub red,es,2026-01-09 18:05:51.401163+00
4247,tiene luces,es,2026-01-09 18:05:51.714223+00
4248,señal inalámbrica,es,2026-01-09 18:05:52.092433+00
4249,computadora portátil,es,2026-01-09 18:05:52.668793+00
4250,pantalla táctil,es,2026-01-09 18:05:53.052611+00
4251,más pequeña que laptop,es,2026-01-09 18:05:53.38183+00
4252,apps disponibles,es,2026-01-09 18:05:53.689922+00
4253,dispositivo entretenimiento,es,2026-01-09 18:05:54.052633+00
4254,dice hora,es,2026-01-09 18:05:54.517524+00
4255,usado en muñeca,es,2026-01-09 18:05:55.012384+00
4256,manecillas o digital,es,2026-01-09 18:05:55.408968+00
4257,accesorio moda,es,2026-01-09 18:05:55.761938+00
4259,muestra dirección,es,2026-01-09 18:05:56.843641+00
4260,tiene aguja,es,2026-01-09 18:05:57.167338+00
4261,apunta norte,es,2026-01-09 18:05:57.475726+00
4262,herramienta navegación,es,2026-01-09 18:05:57.777328+00
4263,magnética,es,2026-01-09 18:05:58.07912+00
4264,magnifica diminuto,es,2026-01-09 18:05:58.532122+00
4265,herramienta laboratorio,es,2026-01-09 18:05:58.834861+00
4266,ve células,es,2026-01-09 18:05:59.134049+00
4267,investigación científica,es,2026-01-09 18:05:59.443654+00
4268,ajustable,es,2026-01-09 18:05:59.833776+00
4269,ve objetos lejanos,es,2026-01-09 18:06:00.399533+00
4270,herramienta astronomía,es,2026-01-09 18:06:00.789556+00
4271,magnifica espacio,es,2026-01-09 18:06:01.257231+00
4273,científico,es,2026-01-09 18:06:02.113771+00
4274,luz portátil,es,2026-01-09 18:06:02.68449+00
4275,usa baterías,es,2026-01-09 18:06:03.016622+00
4276,para oscuridad,es,2026-01-09 18:06:03.384444+00
4277,tiene rayo,es,2026-01-09 18:06:03.788533+00
4279,almacena energía,es,2026-01-09 18:06:05.435703+00
4280,alimenta dispositivos,es,2026-01-09 18:06:05.995312+00
4281,diferentes tamaños,es,2026-01-09 18:06:06.414147+00
4282,positivo y negativo,es,2026-01-09 18:06:06.840302+00
4283,opción recargable,es,2026-01-09 18:06:07.194763+00
4284,restaura energía,es,2026-01-09 18:06:07.740074+00
4285,se enchufa,es,2026-01-09 18:06:08.085282+00
4286,para dispositivos,es,2026-01-09 18:06:08.431374+00
4287,tiene cable,es,2026-01-09 18:06:08.760352+00
4288,eléctrico,es,2026-01-09 18:06:09.069756+00
4289,controla dispositivos,es,2026-01-09 18:06:09.606916+00
4290,desde distancia,es,2026-01-09 18:06:09.92567+00
4291,tiene botones,es,2026-01-09 18:06:10.280055+00
4293,señal infrarroja,es,2026-01-09 18:06:11.150564+00
4294,dispositivo entrada,es,2026-01-09 18:06:11.659743+00
4295,tiene teclas,es,2026-01-09 18:06:11.998514+00
4296,para escribir,es,2026-01-09 18:06:12.45663+00
4297,letras y números,es,2026-01-09 18:06:12.888237+00
4298,periférico computadora,es,2026-01-09 18:06:13.227758+00
4300,controla cursor,es,2026-01-09 18:06:14.317738+00
4302,se mueve en superficie,es,2026-01-09 18:06:15.598824+00
4304,pantalla visualización,es,2026-01-09 18:06:16.769234+00
4305,muestra imágenes,es,2026-01-09 18:06:17.093357+00
4306,para computadora,es,2026-01-09 18:06:17.449548+00
4307,varios tamaños,es,2026-01-09 18:06:17.821475+00
4308,componente escritorio,es,2026-01-09 18:06:18.181369+00
4310,en pared o pantalla,es,2026-01-09 18:06:19.237797+00
4311,para presentaciones,es,2026-01-09 18:06:19.598856+00
4312,usa luz,es,2026-01-09 18:06:19.930478+00
4313,vista ampliada,es,2026-01-09 18:06:20.249433+00
4314,captura sonido,es,2026-01-09 18:06:20.764184+00
4315,para grabar,es,2026-01-09 18:06:21.152647+00
4316,amplifica voz,es,2026-01-09 18:06:21.528578+00
4318,usado en estudio,es,2026-01-09 18:06:22.405726+00
4320,instrumento viento,es,2026-01-09 18:06:23.449727+00
4321,para música jazz,es,2026-01-09 18:06:23.809473+00
4322,hecho de latón,es,2026-01-09 18:06:24.306973+00
4323,inventado por adolphe sax,es,2026-01-09 18:06:24.649291+00
4325,tiene fuelles,es,2026-01-09 18:06:25.77484+00
4326,para música folclórica,es,2026-01-09 18:06:26.142165+00
4327,portátil,es,2026-01-09 18:06:26.479952+00
4328,concertina,es,2026-01-09 18:06:26.812693+00
4329,baya roja,es,2026-01-09 18:06:27.419823+00
4330,semillas afuera,es,2026-01-09 18:06:27.808432+00
4331,fruta dulce,es,2026-01-09 18:06:28.234216+00
4332,crece bajo,es,2026-01-09 18:06:28.566512+00
4333,postre popular,es,2026-01-09 18:06:28.973096+00
4334,fruta grande,es,2026-01-09 18:06:29.508922+00
4335,verde afuera roja adentro,es,2026-01-09 18:06:31.825864+00
4336,muy jugosa,es,2026-01-09 18:06:32.319451+00
4338,fruta verano,es,2026-01-09 18:06:33.262096+00
4340,exterior con púas,es,2026-01-09 18:06:34.326544+00
4341,dulce ácida,es,2026-01-09 18:06:34.683407+00
4342,pulpa amarilla,es,2026-01-09 18:06:35.005541+00
4343,corona arriba,es,2026-01-09 18:06:35.383615+00
4344,utensilios comer,es,2026-01-09 18:06:35.84766+00
4345,dos palitos,es,2026-01-09 18:06:36.159381+00
4346,cultura asiática,es,2026-01-09 18:06:36.46432+00
4347,madera o plástico,es,2026-01-09 18:06:36.809535+00
4349,mantiene comida fría,es,2026-01-09 18:06:37.759336+00
4351,tiene estantes,es,2026-01-09 18:06:38.657142+00
4352,sección congelador,es,2026-01-09 18:06:39.026269+00
4353,preserva frescura,es,2026-01-09 18:06:39.36724+00
4354,limpia ropa,es,2026-01-09 18:06:39.877075+00
4355,usa agua,es,2026-01-09 18:06:40.187377+00
4356,ciclo giro,es,2026-01-09 18:06:40.526291+00
4357,se necesita detergente,es,2026-01-09 18:06:40.92826+00
4359,seca ropa,es,2026-01-09 18:06:42.069397+00
4360,usa calor,es,2026-01-09 18:06:42.384472+00
4361,después lavar,es,2026-01-09 18:06:42.689834+00
4362,da vueltas,es,2026-01-09 18:06:43.030067+00
4364,arte tridimensional,es,2026-01-09 18:06:44.884364+00
4365,tallado o moldeado,es,2026-01-09 18:06:45.218454+00
4366,varios materiales,es,2026-01-09 18:06:45.528373+00
4367,forma artística,es,2026-01-09 18:06:45.848661+00
4368,exhibición museo,es,2026-01-09 18:06:46.192636+00
4369,documento oficial,es,2026-01-09 18:06:46.665146+00
4370,reconocimiento,es,2026-01-09 18:06:47.048065+00
4371,exhibición enmarcada,es,2026-01-09 18:06:47.374972+00
4372,firmado y fechado,es,2026-01-09 18:06:47.82217+00
4373,prueba logro,es,2026-01-09 18:06:48.221462+00
4374,magnifica distancia,es,2026-01-09 18:06:48.827498+00
4375,dos oculares,es,2026-01-09 18:06:49.132+00
4376,para observar aves,es,2026-01-09 18:06:49.480221+00
4377,enfoque ajustable,es,2026-01-09 18:06:49.800996+00
4379,hace matemáticas,es,2026-01-09 18:06:50.758898+00
4381,muestra números,es,2026-01-09 18:06:51.592316+00
4382,herramienta escuela,es,2026-01-09 18:06:51.92047+00
4383,cómputo rápido,es,2026-01-09 18:06:52.22361+00
4384,mide temperatura,es,2026-01-09 18:06:52.682706+00
4386,médico o clima,es,2026-01-09 18:06:53.586309+00
4387,mercurio o digital,es,2026-01-09 18:06:53.937251+00
4388,grados mostrados,es,2026-01-09 18:06:54.241396+00
4389,mide presión,es,2026-01-09 18:06:54.747392+00
4390,predicción clima,es,2026-01-09 18:06:55.063889+00
4391,presión aire,es,2026-01-09 18:06:55.445864+00
4392,herramienta científica,es,2026-01-09 18:06:55.749329+00
4393,ayuda pronóstico,es,2026-01-09 18:06:56.045+00
4394,mide ángulos,es,2026-01-09 18:06:56.533944+00
4395,forma semicírculo,es,2026-01-09 18:06:56.933233+00
4396,marcas grados,es,2026-01-09 18:06:57.314067+00
4397,herramienta geometría,es,2026-01-09 18:06:57.653925+00
4398,plástico transparente,es,2026-01-09 18:06:57.992678+00
4399,herramienta médica,es,2026-01-09 18:06:58.456121+00
4400,escucha corazón,es,2026-01-09 18:06:58.848544+00
4401,usado por doctores,es,2026-01-09 18:06:59.166795+00
4402,piezas oído,es,2026-01-09 18:06:59.502468+00
4403,tubos goma,es,2026-01-09 18:06:59.82455+00
4404,vehículo espacial,es,2026-01-09 18:07:00.400746+00
4405,lleva tripulación,es,2026-01-09 18:07:00.713153+00
4406,explora espacio,es,2026-01-09 18:07:01.017669+00
4407,futurista,es,2026-01-09 18:07:01.415765+00
4408,cabina sellada,es,2026-01-09 18:07:01.746895+00
4409,viaja al espacio,es,2026-01-09 18:07:02.327152+00
4410,usa traje espacial,es,2026-01-09 18:07:02.700988+00
4411,trabaja en misiones,es,2026-01-09 18:07:03.065735+00
4412,muy entrenado,es,2026-01-09 18:07:03.412645+00
4413,explora universo,es,2026-01-09 18:07:03.757922+00
4414,vehículo volador,es,2026-01-09 18:07:04.210272+00
4415,aspas giratorias,es,2026-01-09 18:07:04.514985+00
4416,despegue vertical,es,2026-01-09 18:07:04.855979+00
4417,misiones rescate,es,2026-01-09 18:07:05.165233+00
4418,se cierne en aire,es,2026-01-09 18:07:05.502539+00
4419,vehículo dos ruedas,es,2026-01-09 18:07:05.983277+00
4420,motor a gasolina,es,2026-01-09 18:07:06.34323+00
4421,más rápida que bici,es,2026-01-09 18:07:06.68072+00
4422,requiere licencia,es,2026-01-09 18:07:07.008235+00
4423,usa casco,es,2026-01-09 18:07:07.30112+00
4424,tabla con ruedas,es,2026-01-09 18:07:07.744944+00
4425,para trucos,es,2026-01-09 18:07:08.088925+00
4427,actividad juvenil,es,2026-01-09 18:07:08.866785+00
4428,en parques patinaje,es,2026-01-09 18:07:09.208918+00
4429,vehículo emergencia,es,2026-01-09 18:07:09.673268+00
4430,transporta pacientes,es,2026-01-09 18:07:10.018988+00
4431,tiene sirenas,es,2026-01-09 18:07:10.341903+00
4432,equipo médico,es,2026-01-09 18:07:10.655707+00
4436,tiene escalera,es,2026-01-09 18:07:12.46999+00
4437,manguera agua,es,2026-01-09 18:07:12.835547+00
4439,vehículo lujo,es,2026-01-09 18:07:13.743784+00
4440,muy largo,es,2026-01-09 18:07:14.072857+00
4441,ocasiones especiales,es,2026-01-09 18:07:14.36414+00
4442,tiene chofer,es,2026-01-09 18:07:14.693527+00
4443,interior cuero,es,2026-01-09 18:07:14.989698+00
4444,máquina excavar,es,2026-01-09 18:07:15.48615+00
4445,tiene cuchara,es,2026-01-09 18:07:15.801482+00
4446,sitio construcción,es,2026-01-09 18:07:16.140115+00
4447,cabina rotatoria,es,2026-01-09 18:07:16.496879+00
4448,trabajo pesado,es,2026-01-09 18:07:16.804795+00
4449,despeja nieve,es,2026-01-09 18:07:17.299433+00
4450,vehículo invierno,es,2026-01-09 18:07:17.639591+00
4451,tiene cuchilla,es,2026-01-09 18:07:17.958669+00
4452,mantenimiento carretera,es,2026-01-09 18:07:18.266796+00
4453,municipal,es,2026-01-09 18:07:18.594056+00
4454,recolector residuos,es,2026-01-09 18:07:19.080984+00
4455,camión grande,es,2026-01-09 18:07:19.430564+00
4456,vacía contenedores,es,2026-01-09 18:07:19.719587+00
4457,servicio municipal,es,2026-01-09 18:07:20.031074+00
4458,ruta regular,es,2026-01-09 18:07:20.370631+00
4459,vehículo cemento,es,2026-01-09 18:07:20.846121+00
4460,tambor giratorio,es,2026-01-09 18:07:21.176877+00
4461,construcción,es,2026-01-09 18:07:21.52771+00
4462,vierte concreto,es,2026-01-09 18:07:21.835378+00
4464,trabaja con cableado,es,2026-01-09 18:07:22.754372+00
4465,instala luces,es,2026-01-09 18:07:23.104674+00
4466,arregla energía,es,2026-01-09 18:07:23.459989+00
4467,experto seguridad,es,2026-01-09 18:07:23.849972+00
4469,doctor animales,es,2026-01-09 18:07:24.88929+00
4470,trata mascotas,es,2026-01-09 18:07:25.235963+00
4472,ama animales,es,2026-01-09 18:07:26.029727+00
4474,estudia mente,es,2026-01-09 18:07:26.987092+00
4476,habla con pacientes,es,2026-01-09 18:07:27.761986+00
4477,entiende comportamiento,es,2026-01-09 18:07:28.056592+00
4478,da terapia,es,2026-01-09 18:07:28.371895+00
4480,usa cámara,es,2026-01-09 18:07:29.363882+00
4481,captura momentos,es,2026-01-09 18:07:29.663342+00
4482,ojo artístico,es,2026-01-09 18:07:29.987396+00
4483,trabaja con luz,es,2026-01-09 18:07:30.298815+00
4484,inicia negocios,es,2026-01-09 18:07:30.755144+00
4485,toma riesgos,es,2026-01-09 18:07:31.050467+00
4486,pensador innovador,es,2026-01-09 18:07:31.375785+00
4487,crea oportunidades,es,2026-01-09 18:07:31.673767+00
4488,autoempleo,es,2026-01-09 18:07:32.004103+00
4489,organiza eventos,es,2026-01-09 18:07:32.519853+00
4490,maneja horarios,es,2026-01-09 18:07:32.844823+00
4491,reúne,es,2026-01-09 18:07:33.173322+00
4492,comunica bien,es,2026-01-09 18:07:33.46669+00
4493,planea actividades,es,2026-01-09 18:07:33.763562+00
4494,agua cayendo,es,2026-01-09 18:07:34.268896+00
4495,sobre acantilado,es,2026-01-09 18:07:34.575012+00
4496,crea neblina,es,2026-01-09 18:07:34.893884+00
4497,flujo poderoso,es,2026-01-09 18:07:35.233213+00
4498,vista hermosa,es,2026-01-09 18:07:35.543886+00
4499,deporte acrobático,es,2026-01-09 18:07:35.993709+00
4500,flexibilidad,es,2026-01-09 18:07:36.348501+00
4501,barras y viga,es,2026-01-09 18:07:36.655452+00
4502,volteretas,es,2026-01-09 18:07:36.990902+00
4503,jueces puntúan,es,2026-01-09 18:07:37.383798+00
4504,dispositivo audio,es,2026-01-09 18:07:37.988879+00
4505,usados en orejas,es,2026-01-09 18:07:38.355464+00
4506,escucha privada,es,2026-01-09 18:07:38.74586+00
4507,con cable o inalámbricos,es,2026-01-09 18:07:39.06936+00
4508,cancela ruido,es,2026-01-09 18:07:39.436055+00
4509,cubre mesa,es,2026-01-09 18:07:39.942234+00
4510,protege superficie,es,2026-01-09 18:07:40.257756+00
4511,decorativo,es,2026-01-09 18:07:40.564232+00
4512,varios patrones,es,2026-01-09 18:07:40.850886+00
4513,comedor formal,es,2026-01-09 18:07:41.148438+00
4514,porciones precisas,es,2026-01-09 18:07:41.617898+00
4515,tamaños anidados,es,2026-01-09 18:07:41.912346+00
4516,precisión cocina,es,2026-01-09 18:07:42.241637+00
4517,cantidades marcadas,es,2026-01-09 18:07:42.544487+00
4518,herramienta cocina,es,2026-01-09 18:07:42.89288+00
4519,insecto,es,2026-01-09 18:07:43.424926+00
4520,alas coloridas,es,2026-01-09 18:07:43.722059+00
4521,pasa por metamorfosis,es,2026-01-09 18:07:44.059988+00
4522,bebe néctar,es,2026-01-09 18:07:44.407939+00
4523,poliniza flores,es,2026-01-09 18:07:44.73046+00
4524,escribe código,es,2026-01-09 18:07:45.304694+00
4525,crea software,es,2026-01-09 18:07:45.607313+00
4528,experto técnico,es,2026-01-09 18:07:47.049464+00
4529,lugar de libros,es,2026-01-09 18:07:47.550217+00
4530,sala lectura,es,2026-01-09 18:07:47.867222+00
4531,préstamo libros,es,2026-01-09 18:07:48.238968+00
4532,silencio,es,2026-01-09 18:07:48.53199+00
4533,estudio,es,2026-01-09 18:07:48.85367+00
4534,lugar experimentos,es,2026-01-09 18:07:49.316813+00
4536,equipos especiales,es,2026-01-09 18:07:50.195502+00
4537,batas blancas,es,2026-01-09 18:07:50.529887+00
4538,análisis,es,2026-01-09 18:07:50.833166+00
4539,terminal aviones,es,2026-01-09 18:07:51.278893+00
4540,viajes internacionales,es,2026-01-09 18:07:51.653001+00
4541,pistas despegue,es,2026-01-09 18:07:51.956258+00
4542,equipaje facturación,es,2026-01-09 18:07:52.260552+00
4543,pasajeros,es,2026-01-09 18:07:52.579507+00
4544,tienda comestibles,es,2026-01-09 18:07:53.078777+00
4545,muchos pasillos,es,2026-01-09 18:07:53.407882+00
4546,productos variados,es,2026-01-09 18:07:53.70096+00
4547,carritos compra,es,2026-01-09 18:07:53.993283+00
4548,cajas pago,es,2026-01-09 18:07:54.293529+00
4549,establecimiento comida,es,2026-01-09 18:07:54.759066+00
4550,meseros sirven,es,2026-01-09 18:07:55.073243+00
4551,menú variado,es,2026-01-09 18:07:55.407325+00
4552,mesas sillas,es,2026-01-09 18:07:55.707379+00
4553,cocina profesional,es,2026-01-09 18:07:56.021968+00
4554,educación superior,es,2026-01-09 18:07:56.472854+00
4555,campus grande,es,2026-01-09 18:07:56.775106+00
4556,profesores expertos,es,2026-01-09 18:07:57.073881+00
4557,carreras diversas,es,2026-01-09 18:07:57.406343+00
4558,estudiantes adultos,es,2026-01-09 18:07:57.751334+00
4559,centro médico,es,2026-01-09 18:07:58.184089+00
4560,trata enfermos,es,2026-01-09 18:07:58.51347+00
4561,emergencias,es,2026-01-09 18:07:58.842254+00
4562,doctores enfermeras,es,2026-01-09 18:07:59.134583+00
4563,muchas salas,es,2026-01-09 18:07:59.437481+00
4564,terminal transporte,es,2026-01-09 18:07:59.911518+00
4565,trenes o autobuses,es,2026-01-09 18:08:00.25968+00
4566,andenes,es,2026-01-09 18:08:00.586678+00
4567,horarios salida,es,2026-01-09 18:08:00.910049+00
4568,pasajeros esperan,es,2026-01-09 18:08:01.219286+00
4569,edificio gobierno,es,2026-01-09 18:08:01.695465+00
4570,legisladores,es,2026-01-09 18:08:01.999804+00
4571,debates políticos,es,2026-01-09 18:08:02.331734+00
4572,leyes nacionales,es,2026-01-09 18:08:02.632176+00
4573,democracia,es,2026-01-09 18:08:02.930157+00
4574,iglesia grande,es,2026-01-09 18:08:03.416381+00
4575,arquitectura gótica,es,2026-01-09 18:08:03.773561+00
4576,torres altas,es,2026-01-09 18:08:04.106175+00
4577,vitrales,es,2026-01-09 18:08:04.416284+00
4578,ceremonias religiosas,es,2026-01-09 18:08:04.72653+00
4579,exhibiciones arte,es,2026-01-09 18:08:05.203313+00
4580,historia cultura,es,2026-01-09 18:08:05.566645+00
4581,artefactos antiguos,es,2026-01-09 18:08:05.90317+00
4582,salas exposición,es,2026-01-09 18:08:06.200869+00
4583,guías turísticos,es,2026-01-09 18:08:06.499063+00
4584,recinto deportivo,es,2026-01-09 18:08:07.178799+00
4586,campo central,es,2026-01-09 18:08:08.036946+00
4587,eventos masivos,es,2026-01-09 18:08:08.374768+00
4588,aficionados,es,2026-01-09 18:08:08.734787+00
4589,obras escénicas,es,2026-01-09 18:08:09.189662+00
4590,escenario y butacas,es,2026-01-09 18:08:09.507338+00
4591,actores representan,es,2026-01-09 18:08:09.804289+00
4592,cortinas rojas,es,2026-01-09 18:08:10.141696+00
4593,entretenimiento cultural,es,2026-01-09 18:08:10.493115+00
4594,centro ejercicio,es,2026-01-09 18:08:11.042109+00
4595,equipos máquinas,es,2026-01-09 18:08:11.408484+00
4596,pesas libres,es,2026-01-09 18:08:11.738674+00
4597,entrenadores,es,2026-01-09 18:08:12.112954+00
4598,membresía mensual,es,2026-01-09 18:08:12.409878+00
4599,alberca agua,es,2026-01-09 18:08:12.89521+00
4600,para nadar,es,2026-01-09 18:08:13.227728+00
4601,cloro desinfecta,es,2026-01-09 18:08:13.5855+00
4602,carriles marcados,es,2026-01-09 18:08:14.054175+00
4603,salvavidas vigilan,es,2026-01-09 18:08:14.364949+00
4604,área verde pública,es,2026-01-09 18:08:14.86261+00
4605,juegos niños,es,2026-01-09 18:08:15.1666+00
4606,senderos caminar,es,2026-01-09 18:08:15.48245+00
4607,árboles flores,es,2026-01-09 18:08:16.183092+00
4608,relajación familiar,es,2026-01-09 18:08:16.489042+00
4609,exhibición animales,es,2026-01-09 18:08:16.961809+00
4610,especies diversas,es,2026-01-09 18:08:17.256373+00
4611,jaulas recintos,es,2026-01-09 18:08:17.556386+00
4612,educación conservación,es,2026-01-09 18:08:18.006609+00
4613,visitas familiares,es,2026-01-09 18:08:18.356536+00
4614,tanques peces,es,2026-01-09 18:08:18.844856+00
4615,especies marinas,es,2026-01-09 18:08:19.199539+00
4616,túneles cristal,es,2026-01-09 18:08:19.54662+00
4617,delfines tiburones,es,2026-01-09 18:08:19.892851+00
4618,educación marina,es,2026-01-09 18:08:20.190497+00
4619,plantas exóticas,es,2026-01-09 18:08:20.652456+00
4620,colección flora,es,2026-01-09 18:08:20.950603+00
4621,senderos temáticos,es,2026-01-09 18:08:21.249792+00
4622,invernaderos,es,2026-01-09 18:08:21.551192+00
4623,educación ambiental,es,2026-01-09 18:08:21.919199+00
4624,puestos vendedores,es,2026-01-09 18:08:22.475458+00
4625,productos frescos,es,2026-01-09 18:08:22.811328+00
4626,frutas verduras,es,2026-01-09 18:08:23.110983+00
4627,regateo precios,es,2026-01-09 18:08:23.46122+00
4628,ambiente bullicioso,es,2026-01-09 18:08:23.824081+00
4629,bebidas café,es,2026-01-09 18:08:24.358139+00
4630,ambiente relajado,es,2026-01-09 18:08:24.779438+00
4631,pasteles snacks,es,2026-01-09 18:08:25.128459+00
4633,wifi gratis,es,2026-01-09 18:08:25.959885+00
4634,hace pan fresco,es,2026-01-09 18:08:26.416547+00
4635,pasteles dulces,es,2026-01-09 18:08:26.753928+00
4636,hornos grandes,es,2026-01-09 18:08:27.052134+00
4637,olor delicioso,es,2026-01-09 18:08:27.341106+00
4638,abre temprano,es,2026-01-09 18:08:27.663057+00
4639,vende carne,es,2026-01-09 18:08:28.197987+00
4640,cortes frescos,es,2026-01-09 18:08:28.521878+00
4641,refrigeración,es,2026-01-09 18:08:28.81035+00
4642,carnicero experto,es,2026-01-09 18:08:29.141876+00
4643,higiene estricta,es,2026-01-09 18:08:29.469701+00
4644,vende pescado,es,2026-01-09 18:08:29.961839+00
4645,mariscos frescos,es,2026-01-09 18:08:30.289329+00
4646,en hielo,es,2026-01-09 18:08:30.614197+00
4647,olor fuerte,es,2026-01-09 18:08:30.983334+00
4648,productos marinos,es,2026-01-09 18:08:31.284659+00
4649,vende flores,es,2026-01-09 18:08:31.778107+00
4650,arreglos florales,es,2026-01-09 18:08:32.072249+00
4651,ramos bouquets,es,2026-01-09 18:08:32.394143+00
4653,aroma floral,es,2026-01-09 18:08:33.255145+00
4654,vende joyas,es,2026-01-09 18:08:33.702691+00
4655,anillos collares,es,2026-01-09 18:08:33.998693+00
4656,metales preciosos,es,2026-01-09 18:08:34.295833+00
4657,vitrinas seguras,es,2026-01-09 18:08:34.58999+00
4658,precios altos,es,2026-01-09 18:08:34.955123+00
4659,vende zapatos,es,2026-01-09 18:08:35.458704+00
4661,probadores,es,2026-01-09 18:08:36.187668+00
4662,diferentes tallas,es,2026-01-09 18:08:36.493908+00
4663,calzado diverso,es,2026-01-09 18:08:36.803557+00
4664,vende libros,es,2026-01-09 18:08:37.396102+00
4665,géneros variados,es,2026-01-09 18:08:37.690567+00
4666,estantes altos,es,2026-01-09 18:08:38.097477+00
4667,área lectura,es,2026-01-09 18:08:38.509715+00
4668,novedades editoriales,es,2026-01-09 18:08:38.808941+00
4669,vende medicinas,es,2026-01-09 18:08:39.312632+00
4670,recetas médicas,es,2026-01-09 18:08:39.763207+00
4671,farmacéutico,es,2026-01-09 18:08:40.102677+00
4672,productos salud,es,2026-01-09 18:08:40.426032+00
4673,atención especializada,es,2026-01-09 18:08:40.744261+00
4674,herramientas construcción,es,2026-01-09 18:08:41.301232+00
4675,clavos tornillos,es,2026-01-09 18:08:41.628362+00
4676,pinturas materiales,es,2026-01-09 18:08:41.953582+00
4677,asesoría técnica,es,2026-01-09 18:08:42.262468+00
4678,pasillos amplios,es,2026-01-09 18:08:42.565487+00
4679,útiles escolares,es,2026-01-09 18:08:43.202104+00
4680,material oficina,es,2026-01-09 18:08:43.526606+00
4681,cuadernos lápices,es,2026-01-09 18:08:43.897256+00
4682,artículos escritura,es,2026-01-09 18:08:44.242588+00
4683,estudiantes clientes,es,2026-01-09 18:08:44.577779+00
4684,vende juguetes,es,2026-01-09 18:08:45.313617+00
4685,niños felices,es,2026-01-09 18:08:45.718295+00
4686,muñecas carros,es,2026-01-09 18:08:46.026045+00
4687,juegos mesa,es,2026-01-09 18:08:46.318028+00
4688,temporada navideña,es,2026-01-09 18:08:46.694183+00
4689,vende muebles,es,2026-01-09 18:08:47.130351+00
4690,salas comedores,es,2026-01-09 18:08:47.427735+00
4691,exhibición amplia,es,2026-01-09 18:08:47.718035+00
4692,entrega domicilio,es,2026-01-09 18:08:48.055268+00
4693,crédito disponible,es,2026-01-09 18:08:48.372525+00
4694,tienda aparatos,es,2026-01-09 18:08:48.835223+00
4695,computadoras celulares,es,2026-01-09 18:08:49.204054+00
4696,tecnología nueva,es,2026-01-09 18:08:49.510172+00
4697,precios variados,es,2026-01-09 18:08:49.80425+00
4698,garantías incluidas,es,2026-01-09 18:08:50.098645+00
4699,ropa exclusiva,es,2026-01-09 18:08:50.601331+00
4700,moda diseñador,es,2026-01-09 18:08:50.889751+00
4701,piezas únicas,es,2026-01-09 18:08:51.189134+00
4702,atención personalizada,es,2026-01-09 18:08:51.569511+00
4703,precios elevados,es,2026-01-09 18:08:51.929242+00
4704,lava ropa,es,2026-01-09 18:08:52.394804+00
4705,máquinas monedas,es,2026-01-09 18:08:52.749814+00
4706,autoservicio,es,2026-01-09 18:08:53.0698+00
4707,detergente disponible,es,2026-01-09 18:08:53.418028+00
4708,servicio rápido,es,2026-01-09 18:08:53.74745+00
4709,limpieza seca,es,2026-01-09 18:08:54.254805+00
4710,planchado profesional,es,2026-01-09 18:08:54.626923+00
4711,prendas delicadas,es,2026-01-09 18:08:54.940224+00
4712,servicio especializado,es,2026-01-09 18:08:55.275787+00
4713,recogida entrega,es,2026-01-09 18:08:55.57866+00
4715,peinados estilos,es,2026-01-09 18:08:56.58385+00
4716,tintes permanentes,es,2026-01-09 18:08:56.907398+00
4717,manicura pedicura,es,2026-01-09 18:08:57.215373+00
4718,citas programadas,es,2026-01-09 18:08:57.550358+00
4719,cortes hombre,es,2026-01-09 18:08:58.054235+00
4720,afeitadas tradicionales,es,2026-01-09 18:08:58.372518+00
4721,ambiente masculino,es,2026-01-09 18:08:58.695949+00
4722,sillones antiguos,es,2026-01-09 18:08:59.00648+00
4723,conversación amena,es,2026-01-09 18:08:59.335855+00
4724,tratamientos belleza,es,2026-01-09 18:08:59.847408+00
4725,masajes relajantes,es,2026-01-09 18:09:00.169698+00
4726,ambiente tranquilo,es,2026-01-09 18:09:00.50169+00
4727,aromaterapia,es,2026-01-09 18:09:00.878556+00
4728,lujo bienestar,es,2026-01-09 18:09:01.185391+00
4729,atención médica,es,2026-01-09 18:09:01.680688+00
4730,consultas especializadas,es,2026-01-09 18:09:02.011413+00
4731,equipos modernos,es,2026-01-09 18:09:02.341997+00
4733,análisis laboratorio,es,2026-01-09 18:09:03.262161+00
4734,oficina médica,es,2026-01-09 18:09:03.729788+00
4735,doctor privado,es,2026-01-09 18:09:04.05605+00
4736,sala espera,es,2026-01-09 18:09:04.543386+00
4737,consultas individuales,es,2026-01-09 18:09:04.876311+00
4738,historiales clínicos,es,2026-01-09 18:09:05.174239+00
4739,clínica mascotas,es,2026-01-09 18:09:05.631994+00
4740,tratamiento animales,es,2026-01-09 18:09:05.945336+00
4741,vacunación,es,2026-01-09 18:09:06.245735+00
4742,cirugías veterinarias,es,2026-01-09 18:09:06.545487+00
4743,productos mascota,es,2026-01-09 18:09:06.882926+00
4744,vende combustible,es,2026-01-09 18:09:07.336765+00
4745,bombas gasolina,es,2026-01-09 18:09:07.652051+00
4746,tienda conveniencia,es,2026-01-09 18:09:07.990457+00
4747,aire agua,es,2026-01-09 18:09:08.332006+00
4749,repara vehículos,es,2026-01-09 18:09:09.291278+00
4750,mecánicos expertos,es,2026-01-09 18:09:09.605622+00
4751,herramientas especializadas,es,2026-01-09 18:09:09.908597+00
4752,diagnóstico computarizado,es,2026-01-09 18:09:10.206592+00
4753,mantenimiento general,es,2026-01-09 18:09:10.543628+00
4754,limpia vehículos,es,2026-01-09 18:09:11.025852+00
4755,agua presión,es,2026-01-09 18:09:11.360552+00
4756,cepillos rotatorios,es,2026-01-09 18:09:11.654171+00
4757,encerado opcional,es,2026-01-09 18:09:11.995137+00
4759,parqueo vehículos,es,2026-01-09 18:09:12.926389+00
4760,espacios marcados,es,2026-01-09 18:09:13.289931+00
4761,tarifa horaria,es,2026-01-09 18:09:13.666328+00
4762,vigilancia seguridad,es,2026-01-09 18:09:14.007933+00
4763,varios niveles,es,2026-01-09 18:09:14.298843+00
4764,arte culinario,es,2026-01-09 18:09:14.821608+00
4765,preparación alimentos,es,2026-01-09 18:09:15.124079+00
4766,técnicas cocina,es,2026-01-09 18:09:15.474394+00
4767,presentación platillos,es,2026-01-09 18:09:15.805472+00
4768,experiencia sensorial,es,2026-01-09 18:09:16.125032+00
4769,diseño edificios,es,2026-01-09 18:09:16.599537+00
4770,estructuras funcionales,es,2026-01-09 18:09:16.919406+00
4771,estética construcción,es,2026-01-09 18:09:17.236601+00
4772,planos detallados,es,2026-01-09 18:09:17.536165+00
4773,ingeniería artística,es,2026-01-09 18:09:17.865162+00
4774,arte capturar imágenes,es,2026-01-09 18:09:18.302096+00
4775,técnicas luz,es,2026-01-09 18:09:19.161778+00
4776,composición visual,es,2026-01-09 18:09:19.521011+00
4777,momentos congelados,es,2026-01-09 18:09:19.850463+00
4778,expresión creativa,es,2026-01-09 18:09:20.200033+00
4779,arte escrita,es,2026-01-09 18:09:20.671728+00
4780,novelas poesía,es,2026-01-09 18:09:20.965318+00
4781,expresión cultural,es,2026-01-09 18:09:21.279462+00
4782,autores reconocidos,es,2026-01-09 18:09:21.643145+00
4783,obras inmortales,es,2026-01-09 18:09:21.973469+00
4785,materiales diversos,es,2026-01-09 18:09:23.163716+00
4786,formas expresivas,es,2026-01-09 18:09:23.481639+00
4787,técnicas tallado,es,2026-01-09 18:09:23.793612+00
4788,obras monumentales,es,2026-01-09 18:09:24.117048+00
4789,arte visual,es,2026-01-09 18:09:24.579516+00
4790,colores lienzo,es,2026-01-09 18:09:24.91326+00
4791,técnicas variadas,es,2026-01-09 18:09:25.236573+00
4792,expresión emocional,es,2026-01-09 18:09:25.573616+00
4794,arte sonoro,es,2026-01-09 18:09:26.569383+00
4795,melodías ritmos,es,2026-01-09 18:09:26.915577+00
4796,instrumentos diversos,es,2026-01-09 18:09:27.213871+00
4799,arte movimiento,es,2026-01-09 18:09:28.790043+00
4800,coreografías,es,2026-01-09 18:09:29.092716+00
4801,expresión corporal,es,2026-01-09 18:09:29.389376+00
4802,ritmo música,es,2026-01-09 18:09:29.729621+00
4803,géneros diversos,es,2026-01-09 18:09:30.059054+00
4804,arte audiovisual,es,2026-01-09 18:09:30.515994+00
4805,películas narrativas,es,2026-01-09 18:09:31.036794+00
4806,directores actores,es,2026-01-09 18:09:31.370189+00
4807,efectos especiales,es,2026-01-09 18:09:31.846462+00
4808,industria entretenimiento,es,2026-01-09 18:09:32.247755+00
4809,conocimiento sistemático,es,2026-01-09 18:09:32.706686+00
4810,método científico,es,2026-01-09 18:09:33.031706+00
4811,experimentos investigación,es,2026-01-09 18:09:33.317393+00
4812,leyes naturales,es,2026-01-09 18:09:33.654216+00
4813,descubrimientos avances,es,2026-01-09 18:09:33.957476+00
4814,ciencia números,es,2026-01-09 18:09:34.47602+00
4815,ecuaciones fórmulas,es,2026-01-09 18:09:34.777171+00
4816,lógica abstracta,es,2026-01-09 18:09:35.070849+00
4817,geometría álgebra,es,2026-01-09 18:09:35.461723+00
4818,precisión exactitud,es,2026-01-09 18:09:35.756526+00
4819,ciencia materia,es,2026-01-09 18:09:36.246679+00
4820,fuerzas energía,es,2026-01-09 18:09:36.609043+00
4821,leyes universales,es,2026-01-09 18:09:36.913462+00
4822,experimentos mediciones,es,2026-01-09 18:09:37.22754+00
4823,newton einstein,es,2026-01-09 18:09:37.523465+00
4824,ciencia sustancias,es,2026-01-09 18:09:38.020122+00
4825,reacciones transformaciones,es,2026-01-09 18:09:38.320542+00
4826,elementos compuestos,es,2026-01-09 18:09:38.631535+00
4827,laboratorio experimentos,es,2026-01-09 18:09:38.936706+00
4828,tabla periódica,es,2026-01-09 18:09:39.267121+00
4829,ciencia vida,es,2026-01-09 18:09:39.793818+00
4830,organismos ecosistemas,es,2026-01-09 18:09:40.103608+00
4831,células genes,es,2026-01-09 18:09:40.393466+00
4832,evolución adaptación,es,2026-01-09 18:09:40.690294+00
4833,diversidad especies,es,2026-01-09 18:09:41.021922+00
4834,ciencia tierra,es,2026-01-09 18:09:41.658847+00
4835,continentes océanos,es,2026-01-09 18:09:42.00762+00
4836,mapas topografía,es,2026-01-09 18:09:42.353787+00
4837,clima ecosistemas,es,2026-01-09 18:09:42.67176+00
4838,poblaciones culturas,es,2026-01-09 18:09:43.01307+00
4839,estudio pasado,es,2026-01-09 18:09:43.498815+00
4840,civilizaciones antiguas,es,2026-01-09 18:09:43.806191+00
4841,eventos importantes,es,2026-01-09 18:09:44.132071+00
4842,documentos registros,es,2026-01-09 18:09:44.457737+00
4843,lecciones humanidad,es,2026-01-09 18:09:44.794658+00
4844,amor sabiduría,es,2026-01-09 18:09:45.301989+00
4845,pensamiento crítico,es,2026-01-09 18:09:45.613153+00
4846,preguntas existenciales,es,2026-01-09 18:09:45.918503+00
4847,ética moral,es,2026-01-09 18:09:46.26084+00
4848,grandes pensadores,es,2026-01-09 18:09:46.576982+00
4849,estudio mente,es,2026-01-09 18:09:47.092843+00
4850,comportamiento humano,es,2026-01-09 18:09:47.423618+00
4851,emociones pensamientos,es,2026-01-09 18:09:47.761857+00
4852,terapias tratamientos,es,2026-01-09 18:09:48.096262+00
4853,salud mental,es,2026-01-09 18:09:48.393125+00
4854,estudio sociedad,es,2026-01-09 18:09:48.880143+00
4855,grupos humanos,es,2026-01-09 18:09:49.184344+00
4856,comportamiento colectivo,es,2026-01-09 18:09:49.589309+00
4857,instituciones normas,es,2026-01-09 18:09:50.004642+00
4858,cambio social,es,2026-01-09 18:09:50.42666+00
4859,producción distribución,es,2026-01-09 18:09:50.988388+00
4860,recursos limitados,es,2026-01-09 18:09:51.325529+00
4861,oferta demanda,es,2026-01-09 18:09:51.723121+00
4862,mercados finanzas,es,2026-01-09 18:09:52.168159+00
4863,desarrollo prosperidad,es,2026-01-09 18:09:52.468799+00
4864,gobierno poder,es,2026-01-09 18:09:52.94321+00
4865,decisiones públicas,es,2026-01-09 18:09:53.343805+00
4866,sistemas democráticos,es,2026-01-09 18:09:53.682441+00
4867,partidos ideologías,es,2026-01-09 18:09:54.207222+00
4868,elecciones votaciones,es,2026-01-09 18:09:54.713941+00
4869,sistema leyes,es,2026-01-09 18:09:55.218452+00
4870,justicia tribunales,es,2026-01-09 18:09:55.598664+00
4871,normas regulaciones,es,2026-01-09 18:09:55.916834+00
4872,abogados jueces,es,2026-01-09 18:09:56.291794+00
4873,contratos obligaciones,es,2026-01-09 18:09:56.702144+00
4874,ciencia salud,es,2026-01-09 18:09:57.217255+00
4875,diagnóstico tratamiento,es,2026-01-09 18:09:57.522142+00
4876,enfermedades prevención,es,2026-01-09 18:09:57.822567+00
4877,hospitales clínicas,es,2026-01-09 18:09:58.123852+00
4879,aplicación ciencia,es,2026-01-09 18:09:59.088446+00
4880,diseño construcción,es,2026-01-09 18:09:59.389815+00
4881,soluciones técnicas,es,2026-01-09 18:09:59.704122+00
4882,innovación desarrollo,es,2026-01-09 18:10:00.011539+00
4883,diversas especialidades,es,2026-01-09 18:10:00.317637+00
4884,ciencia computación,es,2026-01-09 18:10:00.7722+00
4885,programación software,es,2026-01-09 18:10:01.113936+00
4886,algoritmos datos,es,2026-01-09 18:10:01.421014+00
4887,tecnología digital,es,2026-01-09 18:10:01.754042+00
4888,sistemas redes,es,2026-01-09 18:10:02.06824+00
4889,intercambio información,es,2026-01-09 18:10:02.541952+00
4890,medios mensajes,es,2026-01-09 18:10:02.833542+00
4891,lenguaje verbal,es,2026-01-09 18:10:03.159186+00
4892,tecnologías modernas,es,2026-01-09 18:10:03.486975+00
4893,redes sociales,es,2026-01-09 18:10:03.834776+00
4894,proceso enseñanza,es,2026-01-09 18:10:04.407259+00
4895,transmisión conocimiento,es,2026-01-09 18:10:04.755242+00
4896,escuelas maestros,es,2026-01-09 18:10:05.080241+00
4897,aprendizaje desarrollo,es,2026-01-09 18:10:05.378179+00
4898,formación integral,es,2026-01-09 18:10:05.729709+00
4899,estudio universo,es,2026-01-09 18:10:06.172328+00
4900,estrellas planetas,es,2026-01-09 18:10:06.466396+00
4901,galaxias cosmos,es,2026-01-09 18:10:06.770015+00
4902,telescopios observación,es,2026-01-09 18:10:07.098861+00
4903,misterios espaciales,es,2026-01-09 18:10:07.411863+00
4904,estudio clima,es,2026-01-09 18:10:07.896303+00
4905,predicción tiempo,es,2026-01-09 18:10:08.220978+00
4906,fenómenos atmosféricos,es,2026-01-09 18:10:08.565087+00
4907,satélites mediciones,es,2026-01-09 18:10:08.880268+00
4908,pronósticos diarios,es,2026-01-09 18:10:09.225582+00
4909,estudio océanos,es,2026-01-09 18:10:09.675408+00
4910,corrientes marinas,es,2026-01-09 18:10:10.017133+00
4911,vida submarina,es,2026-01-09 18:10:10.406762+00
4912,exploración profundidades,es,2026-01-09 18:10:10.710201+00
4913,ecosistemas acuáticos,es,2026-01-09 18:10:11.031687+00
4914,estudio fósiles,es,2026-01-09 18:10:11.824964+00
4915,especies extintas,es,2026-01-09 18:10:12.132841+00
4916,dinosaurios prehistoria,es,2026-01-09 18:10:12.432765+00
4917,excavaciones hallazgos,es,2026-01-09 18:10:12.760257+00
4918,historia vida,es,2026-01-09 18:10:13.101543+00
4919,estudio civilizaciones,es,2026-01-09 18:10:13.551064+00
4920,ruinas artefactos,es,2026-01-09 18:10:13.878047+00
4921,excavaciones sitios,es,2026-01-09 18:10:14.23938+00
4922,cultura antigua,es,2026-01-09 18:10:14.606451+00
4923,patrimonio humano,es,2026-01-09 18:10:14.96521+00
4924,estudio humanidad,es,2026-01-09 18:10:15.423554+00
4925,culturas sociedades,es,2026-01-09 18:10:15.761466+00
4926,evolución humana,es,2026-01-09 18:10:16.077934+00
4927,costumbres tradiciones,es,2026-01-09 18:10:16.371221+00
4928,diversidad cultural,es,2026-01-09 18:10:16.675885+00